CustomerOrderItemID,NMFC,TotalWeight,TotalPallets,TotalVolume,UnitQuantity,hvr_isdelete
2,dfbda8d67654c68cc348da1d92d0a71e,499.5,746025,1193640,92,0
5,149346210ce64ffde95055bc9197c2ae,382.91,359180,574688,38,0
6,7a3851d2ee0e160916c932585ff27cd1,544.42,362583,580132.8,87,0
10,91d21cc30ea238b544513c3b47293d47,563.63,481637,770619.2000000001,17,0
4,a496bac129c399b1f8e4e18131819dd0,134.77,424107,678571.2000000001,17,1
6,85c33272b0856fdc71d3f57667cd9073,714.78,811051,1297681.6000000001,68,0
4,a4bb0e909d8eff479615ee74ca2c722e,414.0,335266,536425.6,29,1
6,6715f9ab07ee2681eabf96c1aac490e4,628.46,338612,541779.2000000001,66,0
4,1af9f7b1dc66c443d6c3072946622856,362.43,219246,350793.6,56,0
7,448da3847e652fe62ce8838b91242635,762.94,317888,508620.8,85,1
7,6fb6484db8f7ccd8448bb628d1e82897,152.44,483281,773249.6000000001,26,0
9,abcbb22f23fba28fb17609e5321b64f1,116.4,867444,1387910.4000000001,56,0
4,1fd79a5cc4fd1b96d378aee32f2cb64d,278.9,416758,666812.8,86,0
6,a31be2a101d6f29214952d90e160f400,182.58,296825,474920,96,1
9,e643845f66a9da4b90df85c31d15541f,135.6,101605,162568,49,0
10,420463e4f5a149baeb15b1c679e2c66e,588.23,403512,645619.2000000001,3,0
9,e8fcfd87aa744531425057a8c3a29130,483.15,926956,1483129.6000000001,15,0
6,3ca4fda1a5851d63e7f5d09714b76dba,719.27,590872,945395.2000000001,51,0
5,48397657204f97a583ccf890e9dd22bf,255.89,253701,405921.6,2,0
7,e23aa21a0fc0a48d5737b70f2ea4585b,699.55,994523,1591236.8,41,0
5,f9e506c07c421725ce2e380939e4ca93,791.1,775954,1241526.4000000001,31,0
3,329cc1c49a2b039d8c2916be153d199b,899.65,825636,1321017.6000000001,89,0
7,bf460b7198e0bf9cc077ac9c8aeceed3,270.72,666725,1066760,74,0
9,08e0ea101ac9df272ca476f9c7c3d945,454.43,123364,197382.4,94,0
10,9a96b4eac6ccf927f35c052f62281b99,460.18,12433,19892.8,74,0
6,9c028430f4eb855ee9f99cdca4898d0a,867.47,978110,1564976,87,0
6,aecb975984094327f36ec52731890ff7,607.88,577850,924560,50,0
6,1109ee47f865f4139795d6da6bf0d6ef,883.05,674344,1078950.4000000001,95,0
5,686600a6b468690707cc45bc4944c336,925.29,907867,1452587.2000000002,30,0
9,3594c416f68818d604d85ddbd75b7044,477.21,70200,112320,94,0
4,0f6b66ad1f306b1e05f7a229fbe95dd6,348.03,852136,1363417.6000000001,79,0
8,fa1350f4c02b24f429199302afcf4202,685.7,777968,1244748.8,86,0
10,1b1d873b840f84c993b192adc2e20eda,725.89,679805,1087688,63,0
1,dd0d0a9d26487a8b0f55ebe3a776eb73,903.21,228463,365540.8,82,0
10,f5834298552093f5a2a9efc14737d44a,231.27,208871,334193.6,100,0
1,bc38cb0131336f8243c778bd33d60317,966.84,479563,767300.8,64,0
7,71414d9e6bd63f28f2a158c33bd9ee78,315.59,235006,376009.6,52,0
2,f417f6f34b2b69e3026924ead91c679c,604.02,93674,149878.4,38,0
1,bc8481cb034d6c79a37ef5e285baf5de,745.0,551037,881659.2000000001,79,0
8,11c81f81171076e0f1165eac3172a4ca,748.41,823571,1317713.6000000001,36,0
4,ed4869495037b8973076faead2619602,463.29,878859,1406174.4000000001,54,0
4,2ee7cfa6e3119f632497fcf1f320bffd,974.69,838001,1340801.6000000001,73,1
6,1c301c46b55f439162c8695dc1c9afc3,799.02,601475,962360,14,0
7,1d0ed03eca2757519ba9ccf9b8f53a3f,325.62,847662,1356259.2000000002,3,0
5,1e16f5731453b0cd2aff903ebdc583e5,446.46,836770,1338832,10,0
6,c85a29da2601f095c8943428d37eb440,389.67,316808,506892.8,26,0
1,e4ec91321fe191d48ba0148bb79b9843,218.41,872047,1395275.2000000002,66,0
10,7a4047ba5ae4686d6abe382eed1ae5a9,825.85,865801,1385281.6000000001,43,0
1,4e81260d9d021579140c225297bd3313,779.52,846125,1353800,14,0
10,4c642622c5ebf7460ac59f573f8942f1,154.97,939423,1503076.8,5,0
6,11588ce751459a091a4ba845c1fdf362,921.53,759357,1214971.2,43,1
4,19ba7e54108c929aba44d657ffa4793d,967.01,430968,689548.8,49,0
9,8739826fafed0fdf5dcc9fedef00d6d7,679.84,101096,161753.6,10,0
7,e3106ee42b8122c4868efbf952f57ce7,174.8,397001,635201.6000000001,69,0
10,25dad2650b314503111184bcfc419b65,150.49,913528,1461644.8,50,0
2,e0e9fbee6347c0524daca9315fff481b,944.04,882320,1411712,74,1
4,65fe26211c76cb66e9f99478e3e4842d,379.2,453054,724886.4,11,0
2,f4401e1a91ffae8743f5bd4b4b9b618c,270.25,162806,260489.6,12,1
2,d03b3c94ff1de5595fd703e473ee062b,928.82,552427,883883.2000000001,16,0
2,ce4195c18e25e39dd826e0a89c086215,635.25,852535,1364056,23,1
6,a415fbb13968d8ef0d1b202060ca64ae,761.5,311295,498072,36,0
6,5baee902408fe519b32e7b0349eb7437,822.14,677591,1084145.6000000001,77,0
9,145c934fb2106f9206207922654efe8d,174.52,52067,83307.2,32,0
6,a48dac76f4656dbaad77cdf40a66f5b6,366.51,128349,205358.4,21,0
7,7e67d6d7be2fcb38e4d5d9a2c2935cb6,824.44,234685,375496,42,0
6,57404c12c5c93c8bf866dbc5aa593b84,401.72,800883,1281412.8,64,0
3,b5487c9544df968c4d763742f50b00f1,791.01,642866,1028585.6000000001,68,1
8,fb2c9eec15faaffb8ce00677b4fbfd45,629.36,242242,387587.2,60,0
6,12203ede0afbc22dd20cff2b8bdc8ff8,125.99,956986,1531177.6000000001,33,0
4,b979e300301c0b765b7ce0d1d4b6a859,860.26,100127,160203.2,88,0
4,c26bc4a618da4742a377923cffd5979c,301.02,787809,1260494.4000000001,11,0
4,227128189e822e69b64e0e89290827a9,904.11,843226,1349161.6000000001,46,0
5,e1ea77bf956cb487a7e87fa87b465639,489.56,228439,365502.4,3,0
6,45630b30f4405a6de7be79b3c201887b,831.63,184503,295204.8,75,0
5,447332c5b1052e2e0a5deb5eec30c3d2,685.24,376109,601774.4,66,0
10,58211ad62dacf76d663f5be73c18d759,926.01,961764,1538822.4000000001,79,0
5,8c2f24656e1c3abbd1d6be85cdee5280,575.81,665596,1064953.6000000001,81,0
6,1e6d1f0eeea856ba7263dafb17e54826,777.74,150600,240960,4,0
2,97aedb63f0223ee355cb8b8287f23e4a,570.37,517265,827624,87,0
9,54222a1e4528ad0011d32d771c70e0fd,351.73,524743,839588.8,87,0
6,b034bc032ea566e48e0dbde0951fb995,642.82,547080,875328,87,0
6,754ba90cb3e568f1fcc2086250ce7047,368.42,955875,1529400,18,0
5,3a8aed158fbc67572166f8fd49d0ea3b,546.19,569781,911649.6000000001,85,0
2,9d0525c902ce2dfce17b7fbb4999535a,841.8,594213,950740.8,36,1
6,f33f9b0001e814589b9aa49a5c0f09aa,810.84,399235,638776,88,0
6,f2216b3e1288bd69652959830200015b,678.72,795004,1272006.4000000001,84,0
6,60059359a9efeeb08d8203b4723e20e4,515.96,25439,40702.4,47,0
5,e52d5188de38f36d36f42705da366e07,933.99,986835,1578936,8,1
5,6391a177ca863ea7365a9207c9e3716b,970.02,873161,1397057.6000000001,25,0
5,74bcc5ef8243ba949ea9f7e02865a45e,792.99,61402,98243.2,41,0
10,fff19c4b0447602ea4b43c28d552586e,805.56,262254,419606.4,91,0
5,46a3414d8f5ee40aeb66a86509cb0f93,945.43,618638,989820.8,59,0
5,8c4f4de7d4a0eedf3a4ad2a13dc11ac9,667.09,176426,282281.6,39,0
4,74f2084331d6d3c95ec14a2f5a2a43d3,635.97,168800,270080,60,0
4,cab8cc60fcf3eba69131eab5da4bb477,803.43,871641,1394625.6000000001,20,1
1,a9528b104a983ca30319c091d64a002e,587.58,210191,336305.6,96,0
7,886e24397ad53596b48eebd07e43d546,743.5,576368,922188.8,85,0
5,f0b33bb6c57bdb40375b8f4840fa3955,348.73,58586,93737.6,3,0
6,9f077ce57f7f3413b0007ba7b3390748,304.17,898761,1438017.6000000001,94,1
1,7c39a53abef51f16e1e7f7ca25ffb551,823.33,274200,438720,68,0
6,e63ae3c193c9653dd2edcb344b5e100c,976.79,914690,1463504,27,0
1,f4729b10eff9fcc36181bd03e6832590,338.25,506000,809600,52,0
7,d794d1240f0c1928253507e95596579e,397.25,721404,1154246.4000000001,28,0
5,67561520c45da375ea9c610f96f25d9e,882.46,970510,1552816,38,0
4,7fa213c58e04dffa308494aad711f90b,405.53,99159,158654.4,94,0
4,639b84b3ccce4d9fb70c40474562e342,446.72,365911,585457.6,48,0
7,0e10d833e71233327750ee11b99382dc,760.24,75259,120414.4,23,0
5,ee142e858846076ef9c7ef91f8fba80d,550.51,412704,660326.4,85,0
5,0d4db5798410435c0d94565565bdddcc,187.34,876993,1403188.8,55,0
5,d8f20d11ed75499f3e9cb4a2f04ef1fb,356.53,766306,1226089.6000000001,87,0
7,021f9d0981ed3235876104582e462684,407.88,713917,1142267.2,17,1
5,789eae562cd5b43c81caba6742552576,653.64,576132,921811.2000000001,81,0
5,e1e46c7de3d61c4f1f5b8dfe73364947,706.05,206518,330428.8,52,0
9,016649636d35c615ce4316c630981b2d,676.52,768800,1230080,23,0
1,51e3e1260d4ac5667391fe8cf9bfd9f7,678.4,503434,805494.4,82,0
9,32d5f7686d625fda2a26c1f791fa3949,701.41,808210,1293136,38,0
2,12b86267220fff818a8af04d3cf04c40,424.23,235190,376304,100,0
4,00c721a8bddc8bba06d97745c5f18348,696.6,995276,1592441.6000000001,39,0
6,55f40a1667f4b512d3d87afb933b0fa9,289.59,161760,258816,26,0
7,40227bed060e5dc482c583f83d0b9df2,719.57,466984,747174.4,20,0
1,1ccbf3fe4c0d91ff40e12703cc7c93c6,135.68,379756,607609.6,66,0
4,6fd7abf23728560429c6925c014feeb9,554.69,923207,1477131.2000000002,75,0
10,f3876ff7063352c1fd74b43ad1130591,481.91,906137,1449819.2000000002,3,0
4,9f6c9a3d29baec680cd625d7e90cc528,471.4,741866,1186985.6000000001,25,0
7,5197599a1962fb03a7a46d2907baf95e,884.11,624344,998950.4,32,0
2,ca6126d6f89c845540d35db2c4842d54,728.46,710340,1136544,58,0
7,553b5a56cee06b6586681a2534400ee7,651.14,283931,454289.6,81,0
6,d5452bee61bf3497dca6a837831e8175,574.32,128621,205793.6,77,0
5,169fc7b4ec707234c3dc6c6ac3b3c2d5,729.17,727902,1164643.2,52,0
7,1d6b8dd94a90d4e8368e705f87081946,177.85,748619,1197790.4000000001,4,0
6,e524624614d7479c774f8c8ac9dfbf9e,405.67,87424,139878.4,61,0
3,4f90c0c62b83bc49dd6591fb84d70088,233.44,653825,1046120,94,0
6,27cac2742cf6e315456855cb6db4ae89,617.8,576024,921638.4,67,0
2,69da0c2f04eefd7a46e6277f5daa63f9,480.96,999467,1599147.2000000002,21,0
1,f577a2882677f5219ff25643d5978de5,757.44,28686,45897.6,8,0
9,43544be379c42d3105e8aa3e03cf9b1e,484.47,940396,1504633.6000000001,24,0
9,145b7e1c2b52a9d3e686c99e1b487a3a,271.9,752321,1203713.6000000001,45,0
9,6bd23d4516d69aa8e750d32a6f0d2788,915.77,344792,551667.2000000001,27,0
7,269375bc0c61d87dc4f0dd205dc6ec85,344.42,271257,434011.2,40,0
9,d396676ccd53ae5611addbd4657c2cfe,880.89,117943,188708.8,65,0
9,c7616c21fa9bb0dfabf70664e1f61bd4,956.42,513367,821387.2000000001,24,0
2,cffaa51912e778fdedcf3e2ed517754c,812.71,706722,1130755.2,81,0
10,3ef98d54b1f4506f8481eb5ad16faeb2,893.57,61942,99107.2,95,1
4,ffe028ea880f33b9a5d572b73fca1a22,700.91,222749,356398.4,6,0
7,383b1ddec40228bfdee32f04e4227285,647.07,13995,22392,64,0
7,d4d7497f4ad8bf1bf54de41348ca74a9,729.9,722947,1156715.2,11,0
4,e118e311c5f0b11a5a76e24ca2f8ddf3,272.48,403003,644804.8,9,0
6,b110e566a94830322e3758bcdbd1babb,186.75,322508,516012.8,70,0
2,4f2f9c565d4dbfa69e446bafa5f52fa3,930.26,217594,348150.4,11,0
2,8f6e8d725a790bc38b4f1c2502c9ebd2,851.83,142909,228654.4,76,0
1,1a318d6acb15c5a7eaa2117b866c7e0f,915.43,713836,1142137.6000000001,39,0
4,fdc06b1ac8c894afa7bfc0e7d4707bbd,722.08,741289,1186062.4000000001,83,0
5,676cb357be130cc5b1775dbe3d6a0bba,890.06,895144,1432230.4000000001,19,0
5,49fb6d5f97d4ce3bd1fe7b5d3aa05e84,301.03,823237,1317179.2000000002,97,1
2,de7d504d9ee75e2821b3067eb443d0fd,721.62,325454,520726.4,47,0
2,9ef94e6c4dff44d01191e11d44b3a1eb,762.66,124649,199438.4,40,0
6,6dd1aff01439cb31553232bf0f6ae15c,847.46,664143,1062628.8,28,0
10,a3a3b78b4531c9d529dbd28550809744,296.57,483002,772803.2000000001,30,0
1,dbe6deafd8073758a1d238422631aeae,348.37,428772,686035.2000000001,59,0
1,a875e1e3cf20a977c3669aec6b59e0eb,565.82,652786,1044457.6000000001,5,0
5,1c6f47bcc65e9b0f4ad879c98cef9bc0,810.26,45006,72009.6,22,0
4,2b704f90a38286c53a2eae7933504e4c,334.76,853354,1365366.4000000001,71,0
6,4978db715141ccb75bd1b573eb69d62e,521.27,442479,707966.4,79,1
2,7cdcefd140e56905f642228d4150e1de,588.22,156234,249974.4,33,1
8,8e7ceb5e644923dbdd1f9e4feb61e0a8,139.86,948723,1517956.8,21,1
6,76e9c8b42ca2ae2dd2a3ed72c0ef8024,219.69,38414,61462.4,5,0
7,ed5da39b06569de7030bb96a8f9cc65a,451.88,781734,1250774.4000000001,41,0
7,b11348282d5de69dcc1780664d8093cc,582.08,986294,1578070.4000000001,28,0
6,fce783e9c6480a48239999468c1f93b5,276.0,364130,582608,92,0
1,3f5eeffb2cdeca038e8220a635cd06de,989.34,817132,1307411.2000000002,55,1
9,201bdac1a001bc055467e1f93588c45b,539.2,534368,854988.8,93,0
2,1100ee1de95387986ca5f04c7a18d054,594.3,914057,1462491.2000000002,83,0
5,3973824951c3438e707eae750e424815,475.55,352339,563742.4,97,0
7,2055e6f22e97c19736ac8acfbca82efd,821.19,758941,1214305.6000000001,31,0
4,2b255844e3a10905e6ad6d185277affe,967.09,561603,898564.8,42,1
6,98e88c10b880acb38e832bc566423f55,577.23,126099,201758.4,74,0
4,853605765644fc8c8d12510ea39112c2,180.47,871466,1394345.6000000001,24,0
6,3541c12f0a98a4cdfb86194a99de8bb4,362.12,386334,618134.4,24,0
5,a0b3489e605a4b930c0cab5337d6327d,147.22,41964,67142.4,39,0
8,793dcf6176bae6852a88b9e2cde2407c,807.31,685244,1096390.4000000001,35,0
5,8a4266f6c57393b9f651dfa28f489db3,739.47,801166,1281865.6000000001,49,0
7,900c040fa80dc01ee626414cfb278269,783.67,68442,109507.2,34,0
4,ac7e4b9921f3186bbc41136e13f57da3,828.69,166482,266371.2,60,0
2,190e052b332bd3edd457fac52f6abb9c,795.8,410593,656948.8,82,0
2,036ccf83db04ebb22d5eefc024737dc3,973.01,206258,330012.8,24,0
10,0d846a179077821fd1b27334b3d33aac,446.8,749549,1199278.4000000001,41,0
1,31c5444a9af600353a3bd2707f65419d,453.49,134486,215177.6,12,0
2,6965ee8316f7a5b4062460b7235f899b,773.8,307806,492489.6,20,0
4,140f5bc54ddeb78a55f9a0983ffadf4c,431.57,429124,686598.4,10,0
2,c44662ff3b08309521a014200387586b,938.84,576687,922699.2000000001,22,0
6,ce2518cb7d55ca99e8ef8571eb3e2fd1,762.4,75083,120132.8,46,0
10,b7a2b711900c7ef392f4f0f986bd20de,331.78,976224,1561958.4000000001,51,0
6,e4df380edceb2776a5c3b2236fe4f390,433.56,436593,698548.8,4,0
2,ad1cbede7b0a655bc0bb7515c4eaab3d,598.54,106028,169644.8,32,1
1,4618559ed7e278464106d52551051fe4,886.93,780231,1248369.6000000001,45,0
6,8ca6df0b390e32ed636af3cfc9a49a16,402.47,473363,757380.8,40,0
10,448269707a86b163fe47f6d74ea6a3ef,690.68,364997,583995.2000000001,92,0
4,99e0aca0c9516951e69b160445d7ab52,387.76,350342,560547.2000000001,75,0
6,8916071fa775d860e18458e9c6a8fb0d,397.26,803285,1285256,74,0
10,effad0b58c3f0683ace7ffa223d0e864,708.56,192646,308233.6,90,0
9,1f9947e20b6d1607e421a7205c39c81e,468.98,416153,665844.8,66,0
1,87f798a2a64a403fad0389f09dbe38d8,790.03,361265,578024,44,0
9,f43ff05fed8d62ab4805e415f75cfde5,911.97,931521,1490433.6000000001,52,0
1,ade89e9cc6957b7c96fd4c2217fe975c,765.91,208247,333195.2,39,0
2,aa01f8eae6147f711d1a292e431bf8f8,726.82,701576,1122521.6000000001,59,0
6,3147a13261584a330664e0ea3f6e8456,398.46,634315,1014904,60,0
4,8715be9f13a2eb8f92d6f6d641b3de03,211.02,869615,1391384,85,0
9,9ead1090c73db6beea069499c9594fca,161.46,393259,629214.4,86,0
10,3977a3ee105b6b46dc14fec447eabedb,847.72,747213,1195540.8,49,0
9,41440839bde76e6b50a3f478672bb061,839.19,938094,1500950.4000000001,34,0
5,a009c5ac133d5d898ad4956cb320e206,750.3,473476,757561.6000000001,86,0
6,0b291d92cc70b52b2606c418e33a9f7a,487.74,404634,647414.4,16,0
8,a6e07f379c4366f4a58c909c1ac07f39,761.96,20654,33046.4,84,0
2,667b51b9af7d094e37e4bd7478570fad,429.94,18188,29100.8,11,0
4,e29c450c3f4b2144f5ef9ec591c3fe19,205.85,573488,917580.8,59,0
2,42f9f027b3ce3fdcf33a3f12c54d00e9,969.98,472889,756622.4,96,0
5,643e7f8645dc9093bf5c1d805877a829,144.68,483728,773964.8,67,0
9,27e1a619635e86cfaac1f8b8df5d9e77,714.46,899429,1439086.4000000001,41,0
9,c015605f231e71f92dba494f720c1a4e,733.13,576754,922806.4,65,0
10,2c0119f264c18bf5230e1fd59db04f43,270.34,609757,975611.2000000001,67,0
7,a19793abf51e411560d8aaacda2ab7e4,711.98,941564,1506502.4000000001,93,1
4,d90dc16250ef2d0d2c76828c46f93530,737.55,410887,657419.2000000001,29,0
2,18a3daa110684027241b1def9590cace,281.6,760425,1216680,67,0
6,0bfb8aff278109014cf919dcfe79af80,623.91,999720,1599552,18,0
9,790ba27e691849e21d3cb007a9e8f048,934.89,547752,876403.2000000001,15,0
2,ed260182b9854da463c3d5198c3c04bc,834.13,538257,861211.2000000001,50,0
4,dbb5cf7a0fadfea090ddedc97cbe8752,441.19,916065,1465704,63,0
6,35212eb4401891f435d5d3ac7dbdff81,157.53,339450,543120,51,0
5,157f242b6ae7ea55ade5ab364fe03510,316.19,42415,67864,17,0
10,d305b84150241f1c55f874900944c5cd,811.61,916587,1466539.2000000002,52,0
5,bf5868561b0ca488dc777deb5a35ee25,271.3,99657,159451.2,73,0
6,8c542265e49d058b34252fa283b761ef,104.01,262809,420494.4,50,0
9,f8dde2037bd5a8466706e65b79258dd7,690.28,707149,1131438.4000000001,75,0
2,593117f9218c7a0eb9ed383eef8b5edf,592.05,22393,35828.8,88,0
9,21b8f505c5765035c86a4a1f6bcdcbbf,152.43,222263,355620.8,56,0
6,21354ce6e614d3325ebe562802bf61fd,827.77,274641,439425.6,31,1
1,db3b07ca7903d0cd1d4b9e35f9cfac06,212.6,803294,1285270.4000000001,34,0
2,acbe2dafdc7bf15cb13fb887f9fc8c41,379.12,204410,327056,55,0
2,ad84b508f1dc58165ac92083ec80c72b,603.14,40251,64401.6,21,0
9,7b0efebcf34e8a59087f33d504465c41,353.35,220666,353065.6,17,0
2,50c12cd8f1dab1ad340e0e32d9a30f05,357.75,997354,1595766.4000000001,28,0
7,0975e8cc895326a80bfe2fe59d36f709,584.78,32061,51297.6,22,0
5,9647ee29e3af97d878482028d40546e3,704.77,425572,680915.2000000001,4,1
6,bb1bcfb5e98c8c4a9c0c59a68282f77c,426.23,464700,743520,68,0
4,a93ea10b0202d6e8a6525104f43dcd41,463.21,892744,1428390.4000000001,80,0
10,ff1468c39f9ac517032fdf628f99a4d2,469.94,130725,209160,55,0
9,adea733fd1a064437720fd6e04c8f633,534.35,982414,1571862.4000000001,69,0
7,4a0ab69c4095691fd270b9df3836c04b,730.18,640615,1024984,37,0
6,4b0bc3b21cdde50a34b631920dae41c4,962.86,765729,1225166.4000000001,69,0
2,6456394a6cff5d18808526617f3a45bd,165.81,767801,1228481.6000000001,85,0
9,784885478411fd33098e7342068a2ed0,432.16,196567,314507.2,86,0
7,e9aaec055268279a5408ab1915d725d8,804.77,828446,1325513.6000000001,94,0
9,5eeaeb4291a08e6d319d11205e460ecd,310.84,60738,97180.8,21,0
10,3b71352a788954e294d87daa2c1aa85a,544.01,776312,1242099.2,43,1
5,541e227c38954bedb3dd172757e5318e,590.92,259455,415128,92,0
8,92210fa398d577315ff1b1e0aa0df3b2,349.82,772459,1235934.4000000001,14,0
6,8939294ecb5c2be6447c1015bedb5b77,696.24,870153,1392244.8,30,1
10,7993c6e05f35cfb20058b70f7bf782e3,253.04,245784,393254.4,14,0
6,e06c4dec29caccd00701815b21f8a339,359.45,798642,1277827.2000000002,12,0
7,665693ae67da8ee79a2e5c386b65b9d6,251.58,373528,597644.8,77,0
5,42dbe9a49a2a18d517401397c93ac030,225.36,605455,968728,21,0
4,727f527f8074a8b7e7f35074dfd0b235,951.68,106081,169729.6,83,0
9,cb96306d9c2d8b47d54cf00359e08862,235.52,426024,681638.4,69,0
6,5ddce54ba4c496106d6563de2247952a,344.43,612534,980054.4,93,0
10,59826dcb846a7bcab0ae5064397b2dd6,150.68,76020,121632,36,0
6,dbeb4c91a1eb89c852cf713a56ea4a93,188.9,874580,1399328,71,1
5,6ecc158f3e4dd83a33956bb08706ccaa,667.71,599307,958891.2000000001,78,0
2,e07160902afca64e376298f61417edfd,668.42,56808,90892.8,24,1
4,7417190e6c4f0741a44b876d37eeb7a3,620.18,19656,31449.6,95,0
2,f72080a6c7dff434feb5c02c023491f0,636.83,83741,133985.6,17,0
4,8efbf8de5cbb9a3e186c439aeb0bb631,277.04,158983,254372.8,65,0
8,dd309849d95cf2c9df5c01634ea5a072,255.13,66145,105832,45,1
10,9665d52cf144e2ee16b73ed70f699075,960.54,757150,1211440,8,0
4,f2679a1468fed3500218274a6d46ec61,306.73,434397,695035.2000000001,5,0
2,ee9cb89d4648555146afdaa3197ac0ad,260.05,419687,671499.2000000001,97,0
5,6b89b90a61880fe3d8f2ef67f1ccf61d,702.71,889910,1423856,44,0
9,d6331e29b3679986bc578766a358fe92,243.13,752092,1203347.2,44,0
2,64b95a6b857a293c98f65f040d370260,731.45,859065,1374504,39,0
4,daca00f208fbf8eaa9110baccdc1fe1a,686.16,986791,1578865.6000000001,36,0
7,ef0d07a1c478d5d72756bfb79fb55d23,383.59,604806,967689.6000000001,63,0
4,d9bd984d37ad4abd95f40ebe049a8999,856.94,323919,518270.4,56,0
4,8c01a99d4a31d396095c4e1fee59922b,914.09,536899,859038.4,98,0
4,840876cfe507502a476d0d80608053d0,725.63,363473,581556.8,41,0
4,d366d4e08eed4cc6dc5eb2b8d78730c8,117.21,713520,1141632,51,0
6,2dcd0eb5b401058b72da208db92551f9,370.66,260492,416787.2,98,0
7,1268192ab830d4374b633fc3a64fb280,168.41,796834,1274934.4000000001,44,0
10,5a81a6339b44408935460c8875797d45,231.77,206828,330924.8,1,0
5,7c23736aa2379a106453fa0c50c1e437,949.54,863020,1380832,79,0
10,5b33b1b441b760a9b7f50759b2bbc5b2,624.12,613182,981091.2000000001,47,0
4,2bd882b51998c4944cfe66433adb0a97,682.77,603902,966243.2000000001,17,0
2,249ad764f7b2b2bedbaac81cbda19876,908.81,265358,424572.8,10,0
2,2b5b7632831571a86c8f2e2007cd20ab,554.93,400223,640356.8,98,0
10,5df56009738678f27f37c4513d6fb2f3,684.25,36844,58950.4,18,0
5,5e0099b94c917cc27696e3ca26f945bd,703.5,846782,1354851.2000000002,35,0
5,ff1cdb5c22692936f55240907ac73602,808.57,897633,1436212.8,76,0
9,7b983f960c42fa2c6da4fefc7636dd6a,268.6,669908,1071852.8,25,0
4,b5469bf39ee9d2ceb18445faf53f9be9,370.15,15858,25372.8,76,0
6,35cf9252145e6a854e9a65fc27d1b932,971.86,918918,1470268.8,69,0
2,c2144442c2e1e50040ece2600837ca08,374.47,998424,1597478.4000000001,86,1
6,e19c99ac27541e46bcbba1527d91cf15,931.57,261811,418897.6,22,0
6,34baa342003a9f64b4f8cba6ed8569ef,990.82,18635,29816,32,0
6,b2c89eb937f42067e7f5815784d43dc8,714.0,181009,289614.4,5,0
10,ae7e1a7985025ff45e082062939acbe0,385.2,265507,424811.2,26,0
7,9dc9bd498357b95fa6e9a1731ac102fa,208.97,264501,423201.6,81,1
2,73a4fb7deeb20adc99a5172bd99e3e48,745.13,603272,965235.2000000001,55,0
2,b060ea58a32d53c83d82950285bc0e9d,672.04,311588,498540.8,4,0
10,004b6aea1df88e7ecfe8c4f5480074a7,934.69,924764,1479622.4000000001,80,0
7,095c457780ae3cc1d6ec903b721c3f9e,165.05,636271,1018033.6000000001,29,0
5,7a8bfd62e554dce0768cfcb3d67a122b,823.11,498557,797691.2000000001,61,0
8,d9148038c1ee483924f6ad1a9a8cf865,880.71,182594,292150.4,24,0
6,4aabc05112b36d5a5e9ecd1b78eee522,657.17,997406,1595849.6000000001,61,0
9,2202ac4d3048b74fee4d98a8c863e0c6,357.84,773677,1237883.2,23,1
6,88d21192a5ee41b1850c01aed9475988,801.08,799876,1279801.6000000001,50,0
5,0e06ef6db62e679d9f60834932031a47,254.59,488590,781744,57,0
5,4996bd9bf3cbdc89dccbe82782fd15f4,529.5,442749,708398.4,85,0
2,5ecd8e4774bee662c5e431ca1a01494e,722.73,811815,1298904,14,0
4,5a273d62296b06d0b4dbb3a9712fcf41,533.31,499819,799710.4,77,0
10,9f810b69a455d0033d29e593de01030b,666.85,317095,507352,50,0
5,eef5a41f6d17ea20f317a8a072a9059a,880.97,153875,246200,41,0
2,407806c72663769ca4560ab31b0013b8,785.27,618104,988966.4,23,0
4,c21335f92e05d41fd44a666a7f45a820,809.49,664445,1063112,46,0
6,34cdc3c47069b7a7f5d85d6f97740798,936.39,438049,700878.4,80,0
7,417ee345457f5a797df16b283370b2b0,201.09,609213,974740.8,31,0
10,485a4cf3ac9b693427a04b1470935890,141.3,448097,716955.2000000001,76,0
9,fe0967b307c0305c22e431e7ed759d73,990.36,682980,1092768,62,0
5,834c39d45cfb37fc39079836adcef6f1,238.96,139090,222544,77,0
4,9601e5595ef40ab711394e49ce9fe80f,766.42,906035,1449656,26,0
2,c3a743b753bdc8ec3818d05582ad3b7a,303.93,857063,1371300.8,36,0
4,b43fa61266178f8c49a5df35ff291ef2,422.84,833604,1333766.4000000001,23,0
7,e9e1e4e850019f046be64e84d8d823d3,762.0,222283,355652.8,44,0
4,349a45d547305d32884a32ea0ddd36ea,492.58,362334,579734.4,68,0
4,c8d8926fb98b63d6a651231840f4bd6d,202.88,287218,459548.8,73,0
2,dd4b9e620444247400b0bca128502b5b,763.18,610467,976747.2000000001,89,0
7,fe185d83251b1e3c493dede58e53b233,618.15,581311,930097.6000000001,99,0
4,23667e4b33b928df50c2e3593e60012a,480.71,998469,1597550.4000000001,8,0
5,4c78430e8c82bbe9413e038594555bbe,132.41,442610,708176,23,0
2,9033d38922ee659314ab99cd1791f9d0,326.06,586572,938515.2000000001,2,0
6,1990b5f5148dcd3cc788ec17ac8a281d,288.46,492566,788105.6000000001,77,0
6,0e13ecdd989a958ab3334c9698422efe,613.8,414925,663880,45,0
7,6d8b50156005efdbc2da3e582fa9b1f3,399.79,399582,639331.2000000001,24,0
2,e732b012f9472cefda7dfc52e0bbce9e,280.41,673954,1078326.4000000001,45,0
4,3f2742bc6a0e0c1afbe470ef8bb08e68,159.45,666341,1066145.6000000001,37,0
4,0ace4c815631e109f720c5b9ed367eb2,165.36,485612,776979.2000000001,14,0
1,a20a3b5648df001b4006cfe728ac12c1,609.05,192373,307796.8,67,0
4,59b839146d1dcfab628e76fee1b3c379,340.45,631405,1010248,40,0
4,35e8e86f70906bc11875ed612f6891e6,285.42,260960,417536,18,0
6,a51069d3d53877b4ef429a1de1259775,298.71,333188,533100.8,24,0
9,0a3fd239de24be56aab16f883a1bdcd6,149.87,267254,427606.4,38,0
2,0aecb937d80244814541b3b86fc7ec70,598.0,280159,448254.4,4,1
2,dcaa632c396ce6a27c776b5ad4448ed5,431.91,639006,1022409.6000000001,93,0
6,5520b7b6cae2e4a1259f81aea4d10252,978.9,57181,91489.6,54,0
5,c87f63b701a3973b71f02f4af4d280ee,188.31,416429,666286.4,28,0
5,81445dbafe8728919b833879b2a2bf32,384.92,113517,181627.2,63,0
2,cda59294476fd87d3f44997b47e6eb39,117.21,531294,850070.4,3,0
6,f7fc94c586a4624c6fc35e2cc7777dae,439.33,184012,294419.2,69,0
1,260bf635eb66b57b747d666400ace634,517.49,348257,557211.2000000001,19,0
4,b16e550ed6a8a5b119526d8fd6dc5496,451.21,309060,494496,32,0
10,06c6530b20b309a8809a675e7071ac14,302.74,605320,968512,20,0
4,c3c9a5f594654369ad244fa69ceced4a,208.65,432093,691348.8,66,0
6,94b0b0888d867fce899316dabf160951,311.34,815946,1305513.6000000001,63,0
1,756012ac9325899ae66d68a08a181a34,568.79,972697,1556315.2000000002,47,0
2,54fecc0a2de73b3ee8440251e588c3ea,502.77,139916,223865.6,47,0
10,bf19acd69fa34a61997a286ddbc3c4f1,451.66,206268,330028.8,73,0
2,26b7ba02d63114688bbe946497965d6a,954.07,621794,994870.4,92,0
4,878e6a559d64cd2748f12a24be67a7fd,127.73,288088,460940.8,64,0
6,4adc10857d283cadd6e79ae968a4638d,911.54,954786,1527657.6000000001,87,0
6,39140b490a4d9d5b488072d06f8ee427,884.13,41018,65628.8,50,0
4,b6658d8f84eb6c931466a15a59096f0e,209.44,575265,920424,67,0
9,1cb6b673f8b1c5b119ae85c269d60a47,750.36,230133,368212.8,92,0
9,3fbba06e6ad07cef396dbc84b1233305,874.07,853709,1365934.4000000001,95,0
7,4523d3dea03f5fc883fa4153ac7cbab8,947.36,731335,1170136,90,0
6,ccd4ba3de31f738990f8cdce16ed427a,771.92,332908,532652.8,29,0
3,2c2f262f38bc5893e375e25396bd3885,735.83,826788,1322860.8,34,1
10,11f677ffbb406b883f102cf40b1f5a46,657.69,548988,878380.8,19,0
1,8423cd2cf59f74c0e3ab88fc956dd472,890.23,995564,1592902.4000000001,13,0
7,7f1fa65490ad36dbfaa0c928665218f8,907.81,453832,726131.2000000001,49,0
10,b4ff704b7c1fec84c92d844587fc8cad,604.83,186818,298908.8,1,0
6,96fb973ccf80b50c5fed5325e5cfca81,321.57,616504,986406.4,61,0
9,1c73b7b784b8692a3a3152e339aa7a72,329.53,304779,487646.4,4,0
4,28743964d10f5fd9504f07fc4957cb2f,267.67,299496,479193.6,37,0
1,9960619c55b7b4a415fa5ac3042ad1c5,406.39,160289,256462.4,50,0
9,fb83769ad12d6f31d799614eff4377c4,807.56,449810,719696,2,0
4,175f9f6a2c8c5927071fab4ea3badf77,817.74,658786,1054057.6000000001,92,0
6,b2e0dad3dd4512eea0fd7a4bcdcdf51b,864.54,260551,416881.6,4,0
7,b1db175ff63274e7b5ed45c3ccfb4fbc,861.8,169610,271376,34,0
6,b3f73b4a56d1cdb6e75d3cda41056216,841.59,414691,663505.6000000001,95,0
6,4c9cd980c7487798eb54b596f561f48a,287.64,554754,887606.4,17,0
4,268ec558793cd27bb3d7cc5ed5dfea89,549.91,221958,355132.8,97,0
5,a859361c8a8fa50224255ef45837af1c,225.83,794902,1271843.2000000002,59,1
5,6536b23b5eed31d94378e2de4c1ea01f,378.58,325157,520251.2,11,0
6,cc91735cb644e25bd35d603bc6ddb3c7,873.75,303149,485038.4,4,1
4,633bf53388e95f18f106c86a5d53dbf2,501.51,415064,664102.4,45,0
4,b486cd5a0a383815b2994b4d13ef5b76,973.48,132358,211772.8,16,0
6,adb5a41950941e14e2aaead1da9cc555,108.76,689115,1102584,96,0
6,14ca5ec238dfffeef4af6c00fc6c661f,337.33,60726,97161.6,35,0
6,ec67001f2b457259ab09ce76f82370d4,275.56,350278,560444.8,66,1
6,361bf4a892afafca6be7c7752756db44,460.2,932558,1492092.8,96,0
5,ad077469c382a804fffe7f597fa88801,590.17,365337,584539.2000000001,19,0
6,90079bcf042a10e50331e656c8120b6a,117.62,228332,365331.2,12,0
9,0c7f368e6b882ab1b1d10d9cdae371f1,862.35,868130,1389008,82,0
5,e41a2a25558e11086be357aa279c279d,397.1,991246,1585993.6000000001,63,0
7,74b429bf90c7e3c535e41d0c587debf8,172.53,10545,16872,19,0
6,117e0d44d47d175fb3432b1a57050878,631.01,349287,558859.2000000001,82,0
5,398b8d2f0a54046763ff074c1cebffd5,448.11,233277,373243.2,37,0
7,0275f6f7d648c1257c24124fb38fdfde,602.1,423688,677900.8,9,0
8,9d6a8dde056e0b422e8ddc830d92d192,984.3,193040,308864,11,0
7,1905016821ff10e9c5252b62e6d4e20e,110.59,256550,410480,26,0
4,9b2c81b69d0267f46bf8a7b3c3588ae3,199.72,585046,936073.6000000001,70,1
4,4f483f54e89753d9e56d0e1ef11a2316,654.79,473044,756870.4,22,0
6,83e397048e824c971aa446c19540a2fa,332.52,603922,966275.2000000001,67,1
10,453844592e6158e3a3dfbfbfc93215f0,538.05,225100,360160,1,0
4,09382286b8c1e1715ca2a9bc02b74ad8,462.61,929837,1487739.2000000002,70,0
6,67c95f1fd99ab3dc50a49601fd6abff9,455.94,731127,1169803.2,68,0
6,66763331110e0c66e93939c49c54f756,525.51,613729,981966.4,44,0
5,49fea556d127c26e0d691f578d12e8d3,746.44,740542,1184867.2,20,0
3,fe1c32a72b2062e02b499205ff21ceea,836.03,733413,1173460.8,4,0
2,380e91bc600d387d53e25e3a59ab63cf,260.13,906787,1450859.2000000002,50,0
8,9a00be1d17eec86a1427a85d69dee0ae,535.86,342598,548156.8,96,0
1,a9c4f7788efadc64d792c6ee6bc4fd22,721.51,528996,846393.6000000001,14,0
9,562c24994e126999179967946999ed32,399.84,919000,1470400,84,1
4,6d04b399d71b9a03c323c643a21640e8,573.26,985652,1577043.2000000002,66,0
6,670ccbe2906ff67135a89a0024df4f67,339.55,634739,1015582.4,30,0
9,9d32873bfbce957619f806f2b8b64272,119.11,351447,562315.2000000001,50,0
2,a4f2643710c7cff8d7894a621bf3cf17,541.6,312646,500233.6,6,0
9,18d87659bd1a65ad122cb9231b398b64,597.31,385756,617209.6,61,0
2,17d16e23f989c43af270fc65ac7fa4f6,292.95,621903,995044.8,27,0
7,0ecd6e48244b4a6fa2e80a6150981c57,989.24,444142,710627.2000000001,83,0
4,91b0b7da54ea69e44feae4434aea532a,251.04,89300,142880,43,0
6,55077a83e529f124c9d48514b0f8162b,782.31,57118,91388.8,22,0
2,f521c8cb2c68d822e76f9aa109d428e7,429.11,612169,979470.4,87,0
10,df82c4f991c0dd2a144669ffaf54b9ff,203.23,780915,1249464,42,0
5,f0f5eaa245e3ed4f6edec014c10f8e45,169.35,351729,562766.4,79,0
6,f233d17271e8de7ff17ce3524b452c41,957.4,821365,1314184,66,0
2,acad30bcdefaf1a239147c5df1b60c48,690.4,390867,625387.2000000001,45,0
5,67f6e916a31427cb2b64822896f009b7,244.83,379204,606726.4,90,0
7,085ef19845c32bdcd591a06adc5fc192,839.34,690381,1104609.6000000001,73,0
9,42c9050c2e9f50396bccbd23bcd7fb6e,898.2,141932,227091.2,46,0
10,2c38d32ac4bafd268eef11aee3fd383c,430.06,186944,299110.4,92,1
2,211e72d23bf469e6464d1584021d9661,115.13,21355,34168,25,0
5,85e19dcbc67b42dbc7495ff5c6b0073d,276.24,717877,1148603.2,81,0
4,89866be922fa4170232be7c9018556ca,792.46,30990,49584,84,0
1,ac02235fdbd524721198d83569d01067,731.33,926464,1482342.4000000001,3,0
10,9e9c19d4ceb560a97692e143c0d815f1,416.51,553136,885017.6000000001,2,0
2,a335d7e0e2b90d97191bb0ebd37fb896,533.26,347151,555441.6,20,0
9,61b7f5277e3b89d2f538797a4628cf90,648.58,669306,1070889.6000000001,72,1
4,871739e406c15e6f5a6a65147a6b675b,216.63,616549,986478.4,33,0
5,4d876f4f0e9aae5c5009c8391edadcf0,189.37,377803,604484.8,46,0
9,47f686f6c0c6e59fc2ace64d60ce1b04,710.67,353644,565830.4,88,0
5,80f92a20ea5360612101c1aefeae366e,448.96,626591,1002545.6000000001,14,0
4,31387b6ee033a6aa538de39a5d97df2c,926.22,38552,61683.2,49,1
6,cf9dd52acb9827ca033f39d98467bf6d,529.39,885057,1416091.2000000002,50,0
1,4e698adba1477ad9ec8a36f43c755e83,217.15,844386,1351017.6000000001,35,0
4,43584addb4e0a0db2c0a453294693508,732.46,937025,1499240,17,0
6,e6e66d3652ed19f0f1d768f64811a7b6,316.59,980817,1569307.2000000002,52,0
5,e6a6d2b939a440afa876a2a08d283e48,551.78,163378,261404.8,14,0
5,9abb664d81bc7d233ed03b4dee1ab84c,177.48,946018,1513628.8,12,0
9,27a5a67f33336d6eb19d6f1f00bd372e,935.68,552570,884112,59,0
5,fcf159601b8ed24d35529011814ae9ab,691.46,832452,1331923.2000000002,94,0
9,53ff596e3de14f2d4cc78576724448f0,673.92,177174,283478.4,43,0
3,c0ece9150f66644515cdd62436571bb3,614.23,988483,1581572.8,50,0
9,c7c591e30e5f5cf9adf56175323cee48,414.26,412941,660705.6000000001,32,0
5,c5dd878f54a4254776adf07533a2d643,199.47,504634,807414.4,6,0
4,fc8be55e29668d4f4c29e7b9b6c7ecb5,587.34,194963,311940.8,44,0
4,5783e963762e5fbb242d4e6ebb72703d,225.61,352805,564488,2,0
9,64506a73bf87675444b59184e27a5071,255.92,29351,46961.6,11,0
7,7aa5152de4fb1e7da4596b8edfe76dda,450.58,317898,508636.8,84,0
4,99c5a00834e37d01d0b05677c7285bd7,539.32,624211,998737.6000000001,58,0
10,be1db52c54ba355ce171c7a8456ad0a2,681.17,521156,833849.6000000001,54,0
6,8cf7ef99a4ba6b95664e9b51957cbeff,395.99,145724,233158.4,54,0
7,1838ff882b4b891b464c51c9c89224b4,502.59,199587,319339.2,3,0
10,a414bc932605facca789c1cad36ee624,275.04,454974,727958.4,30,0
2,29e0068c55e0f7c75e3b1c16ea19f6b4,635.02,78327,125323.2,23,0
2,f2d4bc49c3a139d4e400abe5bc4c2c8f,659.81,526356,842169.6000000001,54,0
10,1250d4cbd5b628a95e91b0d9ea203a63,860.21,544869,871790.4,3,0
2,ce277cc07044f30892564417704036cb,895.52,489983,783972.8,48,0
4,bcd911d7e482b7ae9f581d7eb7799e28,202.09,258088,412940.8,10,0
8,73afb31940557793bceceebad241458e,551.76,315844,505350.4,5,1
4,6526989a27109a678b1c16a1c287b028,609.42,392400,627840,32,0
5,6a3ca69f0840103d085e8fe716471da5,911.44,985805,1577288,34,0
4,75d8a81974b5afbd4b1b57b75b92d787,811.43,141340,226144,63,0
6,88c29cd8f80bac6f38ed6644a7c145db,285.28,433828,694124.8,29,0
7,d1724233d28ce1705112b945a0b02d34,688.51,980009,1568014.4000000001,95,0
8,240c2a3e4b805a6e5d0a284897df9d84,918.84,769987,1231979.2,30,0
5,8ff3428784b93bcfb82ed081689f0d10,729.02,844183,1350692.8,47,0
4,7ec61458898120ac406e9e26fe9a7a63,917.02,107602,172163.2,85,0
7,3242251d02160f2044337bc92adaf00f,184.8,270175,432280,76,1
8,0e9d2acd5cdfd5dacaf5a5628528f02c,488.66,974152,1558643.2000000002,44,0
7,2e9c7e49375c5904442d1f7cf3cf02b1,415.57,567376,907801.6000000001,50,0
9,11210456aec3c78b736ce701429f8357,763.4,162982,260771.2,86,0
6,2e664f7510eb55395a20c8c37f157524,314.23,51221,81953.6,1,0
5,18077d47158dbf8a18ac215ea4b7d33f,452.35,339643,543428.8,22,0
10,d69eb6c3bde20a9f0091f933dc1dcb1d,201.05,11111,17777.6,42,0
5,183676a63b2f07066a97ce7942a197d2,272.44,51980,83168,39,0
8,a81163ce816b5336755449bc591a5cc8,103.01,748565,1197704,13,0
2,8a90ff49997b7a81c5ff9ccb918b9a67,947.22,427851,684561.6000000001,61,0
5,c29d1901d4c520d5c554c288eb1d4845,753.94,635192,1016307.2000000001,16,0
1,6b681058b927d44affee8fb294881875,544.3,411478,658364.8,1,0
5,026dd0f3f09a12cc34eccb6c3b78a134,444.25,208764,334022.4,36,0
9,8ba06af22d6c779d1eb87ccc3ec31471,879.57,845492,1352787.2000000002,78,1
4,678342569ef2b8f28a02a5331cabc98e,426.65,713952,1142323.2,82,0
3,571db707eb499a84925981ab1189d1ea,931.18,161825,258920,8,0
6,0ddaec8ac93c4f9cb5079fd6bea877e3,551.08,22279,35646.4,82,0
6,8d2881341422cf7a61369d1df9360068,639.25,567138,907420.8,33,0
10,6a3395d8bcb949f2c353d0ed5f857c2e,106.39,240288,384460.8,16,1
4,8f8b90d58a2a80cb0bade5b64262f523,596.3,298595,477752,80,0
5,da45ab19ea6661f0e5545fb281088af9,603.43,101309,162094.4,35,0
1,916da06cb9049419d33962e903a40cdc,742.89,180012,288019.2,70,0
7,f1014ef5ad6098152d75ebbe323cd8c6,327.64,466065,745704,46,0
5,a9631e088cada839d9f73faac226b21c,345.39,427652,684243.2000000001,77,0
4,0b730c45754bd51437b92bba37a7acc4,117.57,609720,975552,7,0
1,e5bb6c59c75aa94e824e7ac902c263db,419.17,61234,97974.4,22,0
4,cef88cc9f0e591ab4878439e5b82e5f6,437.03,367044,587270.4,92,0
2,2ad1d539fe65d0ae11f00f0e6ecd9710,312.66,890977,1425563.2000000002,14,0
4,26be17d36677b21c1ff9a11cfb3b2a88,763.65,763781,1222049.6000000001,35,0
4,97aa298b66617a93935c17e199d9b5cb,411.3,499182,798691.2000000001,74,0
4,c9e39134289150a3ce8213b5b4bb771f,308.21,357557,572091.2000000001,66,0
4,316e04cd216151ba8aaac3c07093ca67,723.63,685413,1096660.8,47,0
7,91b63c0927a53394ec603b887025a5fa,111.62,163256,261209.6,96,0
6,830e116a847bc5a17acadaad3c05b5bf,369.4,248156,397049.6,23,0
5,f12a7aece0540215da20f0b252b6bc26,677.28,877550,1404080,27,0
7,3d40d3d3431840f947d92ed749be181f,465.71,250585,400936,23,0
10,4d6bd07d2f5c99e7d78331d482d1bb68,142.39,657871,1052593.6000000001,17,0
2,46e9880e18666bf4106688a63b942201,501.87,256958,411132.8,47,0
6,c6e662bebee7e08a2f41a2269694b7d5,708.25,590537,944859.2000000001,49,0
5,fb31eb328cd7f2065644f9d2cda8d60d,808.92,864140,1382624,89,1
1,2ad82e99b0e00e280fe925cce6deb500,750.49,623362,997379.2000000001,35,0
10,29d807596db837e42f33b2d512f03627,405.73,540270,864432,36,0
4,cf7d5e1b7892319f7b4076df165221a9,688.31,890083,1424132.8,34,0
4,1dee713246bae01fb0933ff2bcce954e,129.29,224479,359166.4,41,1
2,369c3261be071c13cacc38cdbbcc7efd,560.87,455034,728054.4,29,0
2,b1d4c0692bf58cbc411c76c8fd42a4a8,953.73,780585,1248936,23,0
4,de56544e93289bf0a239445ff9a2f5d6,834.82,279043,446468.8,40,0
2,5c95ab16c831b2c5f280a115493597e4,704.11,184640,295424,24,0
1,14c4edcf590229ed540ad6f6d792a7a2,887.33,345097,552155.2000000001,4,0
6,51e833f4d74cdcfba1cb41249834a005,371.71,275519,440830.4,43,1
5,2863fa0c81231fd155ec41d4930aedd3,307.47,202069,323310.4,13,0
4,e83b9feff4539554e45b6b1d2971c096,962.26,393666,629865.6000000001,18,0
6,c2427287bae0fb0726f87508a868a9bb,749.1,358567,573707.2000000001,7,0
6,6d6c889e80939e8ba019ca0db8ff467a,648.75,326754,522806.4,48,1
5,3555be6843f0f8b319b9ddfabef78005,844.18,410058,656092.8,59,0
8,611298a4b80975e73e9393817f9b20e7,945.8,492154,787446.4,34,0
10,2104e9ebb58e2bb94e29119cc2e60001,913.22,121219,193950.4,90,0
2,2ac320c0bbae0176330cb6b0cc385861,469.24,619990,991984,15,0
4,81d4b44a53e727af9cfb32230bf04f94,286.88,240514,384822.4,41,1
9,1aad9862296d7de1731bfeac94f550bd,617.03,276137,441819.2,60,0
5,a56a441ae95c58ff3527f08ad2694329,546.99,188932,302291.2,97,0
7,4c4dc6f95e93360e58da6d0034f50a7f,570.58,960598,1536956.8,30,0
6,6fd557817e67b28b94105ce6bd6634df,898.47,911128,1457804.8,48,0
4,70b5013d99c6d1af9778f387002e0aa4,776.14,119777,191643.2,66,0
2,1bb2b41adb06d968009813ea3f7d427f,771.09,484940,775904,13,0
10,06e0f5a91b198b55139147e378eda1c0,576.34,220953,353524.8,25,0
6,33114a6be9344332e3e048d3196193c6,313.44,268454,429526.4,6,0
4,1ad23a4d532523af4546faab91c96245,928.31,326895,523032,44,0
5,b0f2dd94403204f50fd957369c17c72a,457.98,818669,1309870.4000000001,17,0
9,8a5f168869f26f4f139ad649886e8ab4,470.65,921647,1474635.2000000002,46,0
4,1c47aebfda5f60d499a87be5e2f292d3,204.41,308645,493832,93,0
6,02334a3cbd1f4f9a851b0d1216001a13,841.58,498132,797011.2000000001,45,0
9,5cd1a382d0e01cb81ac8cc7aee099c68,156.63,97992,156787.2,83,0
5,a80b1eb4bd6ec78c58b17e3e6749494a,889.3,146446,234313.6,55,1
9,ca04d57c60fd2f41f65af5764a1c68c9,640.73,319983,511972.8,18,1
6,c792b9c9334fe97692ac74cb0e127941,451.37,228229,365166.4,36,0
5,d513c6512f5bc0835d4c162f185bb518,275.62,905228,1448364.8,55,0
4,ff4cfe2c806eb6e2a2318ad576bd2578,217.26,509205,814728,16,0
6,5b5b085cc08ce34748ceee8d2c17be28,948.37,584894,935830.4,7,0
2,cd71c8f5114a0d9476ac4d9c3a5571b4,214.94,90603,144964.8,83,0
2,b969978e1ac5caf49b8621cb3393ec95,539.51,803878,1286204.8,32,0
7,b6b3664d9023d5198dfe43897dcd2f1c,418.5,942374,1507798.4000000001,1,1
6,3d5956be9e0ab3607ee49a54de2a3f9c,146.78,737930,1180688,100,0
1,57d9476218f7c639575cdd5616e2844b,324.32,372390,595824,56,0
2,600d43f467cb5eb291ae0144848eaec6,632.83,141558,226492.8,37,0
4,7199802686279eae0b9bd28fee6f76f0,655.53,155533,248852.8,34,0
4,b79deb0ac0e9847816351cb00a5496c6,662.89,644114,1030582.4,80,0
6,f94afb7161977c69abfd1fe4eb3a9294,937.64,363841,582145.6,22,0
2,1fc75fb7e8f64e55514fe70e2c077ad6,852.69,477529,764046.4,76,0
10,e8b663d23894f4d2e1713eb80730dfc8,422.0,761646,1218633.6000000001,39,1
6,349354076cee4fddc82891e562bea1ad,908.36,504915,807864,51,0
1,c10af2445bb3235ef83c598f57bd4246,323.13,513621,821793.6000000001,16,0
4,481360fb28eef50a176e1f61ec89fbe3,823.26,287054,459286.4,59,0
2,98ee5e6c9287a7164fced613786d76d7,933.52,894385,1431016,31,0
4,b029dd516049f061329845b9698dc45e,621.77,111940,179104,9,0
5,74b511ad4802717593ac65984e09830c,938.58,868911,1390257.6000000001,38,0
4,a0b9cc2a343495a7f3637f49d5cbaba8,684.76,482368,771788.8,96,0
6,2e55755f7ee70a04b1baa40c6360c025,949.27,791744,1266790.4000000001,66,0
5,0c6a4c99a8851e746d979e16ea254731,612.84,761372,1218195.2,59,0
4,9cc1a5e27d32799d7dbf0177483e7132,809.25,372259,595614.4,99,0
4,05dbead13b03ddce16066e0173fb54db,313.71,740497,1184795.2,12,0
4,ca5d480ddffe2a9fc24cb28a207ac720,711.97,57102,91363.2,36,0
8,a279a3f1ddc8113ad19a398d9240e732,942.74,951771,1522833.6000000001,22,0
6,442df7f97eca94543fa15f7a54fce73a,543.33,617767,988427.2000000001,88,0
2,395267110b62f613a3b470b0fee4daf2,170.09,442115,707384,48,0
10,e0649ce158d70b2ff5c0160d6636071a,512.07,866932,1387091.2000000002,72,0
9,4bb3ee54387440bf351793dc00613c6d,354.28,813077,1300923.2000000002,23,0
7,20a09b515f8e4a046eedac275a99d212,334.05,92490,147984,91,0
6,20813156a376af402d690fac8da438a4,263.18,551320,882112,50,0
10,21e1f2de1b8d788a153d681c85854d35,962.1,49819,79710.4,51,0
4,c003defa355c0cd0c1ec3bd22a4ded11,717.81,391362,626179.2000000001,13,0
2,7690c014923d8af24eb041cbce363d83,232.33,480097,768155.2000000001,47,0
4,db1dc696e325f594fe6ee6788cf39ec3,241.85,955102,1528163.2000000002,41,0
5,58ee2504f6e0e0254f086e5e57d70a63,971.46,63408,101452.8,48,0
1,5ea827bb5088f02430b3562dc3c7fae3,828.38,60002,96003.2,100,0
10,ee1b578da6c10562712426b585eff8e3,251.64,178079,284926.4,16,0
4,3ee1d0ef5109ac7bdf13362023aaddb5,858.88,924790,1479664,59,0
5,21682f02e4cbea09c2cbbcb214be3b05,940.05,495060,792096,86,0
4,92bed28d28bedef66a957aca2fec5469,212.2,179934,287894.4,38,0
2,2457c12c35d517c292149d2fd118daad,608.97,262280,419648,3,0
6,f2a23328c4b97421d27c485aafd0143a,192.53,136382,218211.2,77,1
1,a20516c5f26fce41caab0a8e515f5f55,603.48,507988,812780.8,89,0
7,cc709098d9441a4faa002017fa31323f,557.2,417018,667228.8,70,0
5,105020900977df5d66b1d7165c13e9cd,753.15,670024,1072038.4000000001,42,0
6,141fa9e8e71087f5c3a1867a3ff8562d,574.47,876272,1402035.2000000002,23,0
4,5d5a49a1faee49a6c1fabf54fc9590e6,682.62,431511,690417.6000000001,21,0
4,ecd2bcef1ed713f8f2e82f62a9463e79,364.24,611710,978736,75,1
8,bba747473b0c11d2d93a2402100f7fad,554.79,559640,895424,98,0
7,47bc8520ff8750c1faf6a146ac47b911,928.64,692330,1107728,41,0
10,09799f3ede5cbaff0a3dae6a0a3420d1,278.92,575386,920617.6000000001,98,0
2,a2f823e6aa4ac222f8107f2cdbd362e5,902.28,274830,439728,33,0
6,be72fda94a1d378670b5e436e8c67cdd,434.77,163020,260832,1,0
7,ea9367d0eb2cc9eae7334ce8f2af10ef,931.35,952654,1524246.4000000001,50,1
1,342aac6ac57f0c1d204b476babec2ee8,826.62,288448,461516.8,66,0
2,41a138cc35754fbbb5b8247b4d30c1c1,283.86,981182,1569891.2000000002,36,1
4,5ababece5089f9a7f07916de1083b401,527.18,826111,1321777.6000000001,81,0
7,0cafdf7ebbfe102c9a9e0da96771d315,423.9,276639,442622.4,17,0
6,56d8c13c4d5a2ce67bc9ad86b67f0e66,711.69,787107,1259371.2000000002,32,0
9,9aeedfb6d0504adae7565e046c52bf39,454.59,376425,602280,49,0
9,5c4ac0c0ca8962785fecf77e7be52681,618.75,159238,254780.8,71,0
6,ec2d36a44e743a46d42ca8b87152810d,217.61,84272,134835.2,1,0
6,8365e9d9c4e3bc13b3afc667ccaf3a74,175.58,545802,873283.2000000001,45,0
5,37d3631c709de4d1757104566b90c2fe,380.75,379609,607374.4,54,0
6,555bf439e212bc8bc1c3b45624bbaf38,386.29,21308,34092.8,26,0
5,65778594cfdce3e0deb17b011299eef7,270.0,795147,1272235.2000000002,69,0
5,d5b85ce598fb031ff71b22b4ec88fa20,237.18,714093,1142548.8,36,0
9,d0c59d7f384c3de1cad7ef224240dcf6,271.97,735929,1177486.4000000001,69,0
7,8312b2512b7e06d5c81f54d5d53fbc07,353.32,780273,1248436.8,66,0
4,f0c849cfb66bb764fc0d6a2b6b19fe88,751.54,606827,970923.2000000001,87,0
7,ccd848143b534d5b5f1ea034c444a7f2,447.6,604802,967683.2000000001,42,0
4,42fb341ea4d345150c536e28433ad2dd,882.27,88461,141537.6,28,0
10,bcfe2c86174f4252352e0139de0eaa52,119.69,852606,1364169.6000000001,41,0
6,b3c7520027db6d27f88b2e9a5c42548b,665.27,136491,218385.6,96,0
4,94b9f5732f32374c5f80d431e1e32e5c,865.8,463548,741676.8,74,1
6,239f497a130bf3da156c4ae7f3ebee6e,421.85,278803,446084.8,15,0
5,7b1c1e0949076a440693d7629a130d91,613.0,240325,384520,96,0
9,f5d64d1c97df000c6d3fa83b2833796b,789.66,401379,642206.4,25,0
5,336fbce1fda299a0cc783011e019522e,822.13,642580,1028128,38,0
4,12ac9aa0c9363f7d03f347bfc40a0051,781.16,183507,293611.2,97,0
2,b83d42ec5a022f1f6779b7ec618374f9,156.39,400371,640593.6000000001,19,0
4,2f4c3b30af58fd4a07ec5e99cb118794,199.48,831396,1330233.6000000001,71,0
5,7a0bc17f44902aedffbbc57a7e8ce0ad,838.18,86034,137654.4,33,1
10,102e2de57b831b81f28db9cb5e7f5a15,854.57,445334,712534.4,45,0
6,22801b9fa4932a8aef9ad8796ffa81c4,759.19,879857,1407771.2000000002,45,0
10,c09836dbe76c74cfa2943010a4a55341,687.43,762481,1219969.6000000001,14,0
5,a17070e6bfcc07f01b41cb04e65b6e3c,924.92,600319,960510.4,54,0
6,77869374cec658b8143c034286d48aa9,372.78,429521,687233.6000000001,64,0
4,e7e0867e4b09f2c961275f6a0a67c2e2,796.57,985042,1576067.2000000002,11,0
5,c00a62c33f850d57da6dc6e1540fcd2a,664.04,266082,425731.2,68,0
10,926f6b873bdce6109eb7d685c164f98a,844.94,887143,1419428.8,11,0
2,eaff18438c9534ee14f7845a60ed1671,482.69,401892,643027.2000000001,73,0
8,34a0f7e51e0069994dc316506e6a1f1d,360.51,760863,1217380.8,6,0
9,0f6f857ee38ad9150c50199808bccc85,288.39,912911,1460657.6000000001,84,0
5,55a07886070a7d64501279d24744b166,275.04,350471,560753.6,24,0
7,68553e56efe33836a42505a6b8cc9abb,549.24,329328,526924.8,84,0
7,2a7c6da8f43956dd24a38801cf750d6e,742.08,301625,482600,45,0
4,33e3759bbc1eaddbe0bafe3491a88f6a,200.52,491917,787067.2000000001,23,0
9,a0564d5b416cd2f2e15852c18131966f,438.12,913814,1462102.4000000001,65,0
7,26c76b09fcda32bc2fc2620b1bf8fbb6,206.49,364516,583225.6,58,1
6,2fdf4b2251e2b9ca96d7182941576695,499.49,456673,730676.8,2,0
4,17efdddba85ecfe82577029be888f42a,296.54,851554,1362486.4000000001,49,0
4,4dfed73235d128c11a4a6bb31663094f,826.26,231131,369809.6,26,0
4,61c2999cf5c74a181826729dca8e3cc8,631.21,842037,1347259.2000000002,95,1
6,73a100bb97556d7a7ac47fb615810ab6,367.55,316923,507076.8,56,0
7,84152055de354ae9ad9ed6f9a504f5e6,797.99,603021,964833.6000000001,41,0
10,f4ebc57f81f69a47dd149e9866da848f,564.49,312619,500190.4,17,0
6,cac74eceba19dcd8630a443347b6449b,151.68,861210,1377936,26,0
9,4c58e2312c696bce244cabc2d457b52a,743.09,584403,935044.8,58,0
5,4ceb64cea73beb7e35838713e20cbc99,154.32,861239,1377982.4000000001,1,0
4,fc82e85c93624a0d671baec70f375017,110.79,642830,1028528,65,0
6,9994fb4ae56ddc42326af07177b04ac1,773.71,514684,823494.4,67,1
9,4e769699b067f57cfb653bca5354b972,190.92,718507,1149611.2,63,0
3,a9398f9cbb36511032a75f037a6e388b,328.42,37228,59564.8,48,0
4,b2f9469af2b6fbfa1ec2f380089dca3b,792.91,310913,497460.8,71,0
5,6e54b487e1f18229111250e3ec6f4d0a,661.68,447943,716708.8,55,0
6,ba85aac56fea76d284f2f9e37d9df373,109.23,428880,686208,14,0
1,153b97f4c7265c34d995f3c846a2b110,202.82,811787,1298859.2000000002,67,0
4,bff423a47ec72f091876256dd016288b,637.13,144522,231235.2,96,0
7,53ddda21780670b4a336d5aeb8ef5b22,174.35,856051,1369681.6000000001,33,0
2,c00ffe27627276f5c701d64de5f8895f,600.65,244222,390755.2,66,0
7,7f906543a416ec027edfa883e715aa34,817.29,966275,1546040,53,1
6,6ea21f14460412d174951889d9a72870,801.75,427470,683952,64,0
4,0e270d586192e3f65f4d0691657f00ec,490.07,867580,1388128,20,0
2,69377ec96cc9ff13a55e849cf44aa12d,956.3,574108,918572.8,87,1
4,f240ba05da2d5e1196f2aec354fed653,941.42,153868,246188.8,66,0
4,9150f75cf2a4c56b9356f45ef463b177,464.21,784214,1254742.4000000001,78,1
2,1d1edbe58f84ba3fb8d6114a0b0383d9,828.62,728659,1165854.4000000001,31,0
4,72dfb83f46d3b485c8010bf7264187f2,958.32,399465,639144,87,0
8,ec7ef194c235e7a1d3d6ac1128fbeef9,330.03,404716,647545.6000000001,80,0
6,13a2ed52eb5b89d69f77084ba3658ae8,528.64,292820,468512,59,1
4,69c1c68743666dbb6fd017998861eab1,601.74,483230,773168,84,0
9,98fe61af476d994d0dd423a50f83ca0c,219.15,651135,1041816,78,0
2,88752a635d40a50bf19db47ac030dd1c,188.67,759778,1215644.8,46,0
4,26808f8c63c0c45505ed51cf2a6322bd,655.5,481549,770478.4,89,0
6,020b682d8b974c4bc67e444e4da16252,538.93,412329,659726.4,74,0
1,09623986185e2e11bacebff9f38145f0,949.97,948784,1518054.4000000001,48,0
2,b0aafb92e2f5ae3a6e1663b8782ea1b8,621.58,814591,1303345.6000000001,11,0
2,c058dee5a572fc6ef1829963b80ad7e5,161.64,165764,265222.4,4,0
6,23409137ca5bca13e68650cd8a3c548a,701.29,268530,429648,80,0
6,b2764110d87c21d471b6c8f143e68980,249.79,298397,477435.2,27,0
7,65e94a918ac93dbf7ed075356db2bf86,244.03,609354,974966.4,87,0
7,7b52bc03dddc49024d0c9031deefb98f,793.12,646062,1033699.2000000001,7,0
7,cd75d587ce8f395282c0f0e7b78576ac,769.19,336472,538355.2000000001,40,1
4,0af53749ad3adc8629dcc9a4e8cd0c0c,438.15,493775,790040,32,1
10,25f693e444c0baaf20533ef0e15c1442,614.58,790908,1265452.8,80,0
4,14ab3f8ebae49b63b657ec46a98bd9cf,771.42,16029,25646.4,19,0
2,ce805f25981b8644792f35126357c1d6,785.7,113810,182096,65,0
2,d6f961a0fd8eecdbcb20b9ee5a4020c9,793.74,531016,849625.6000000001,7,0
4,97a84c895d71e5143a1c09c9eb617f57,448.12,434231,694769.6000000001,54,0
4,76f6a68ce11e62957b58fa3927f4b55f,353.1,108118,172988.8,52,0
6,6f7f2a94a45f2a5d6573fc939fe092a6,194.13,950752,1521203.2000000002,52,0
5,da287af460362edfef5a8e0e33e2f52a,394.21,291623,466596.8,58,0
4,bc1f59ff014ead3f6369b4f3558e677c,444.13,134539,215262.4,10,0
9,421071ddfc237fec582133c5bffc5701,300.91,52781,84449.6,36,0
4,df5db9e7a1c7b2fb35968c2da63ef258,879.38,447837,716539.2000000001,43,0
9,1bc5b36205beaf44ef76b72036b33a72,504.13,894741,1431585.6000000001,51,0
9,df57b8a9a8b0212a95000758f63592d6,257.73,938421,1501473.6000000001,91,0
6,67cdfb08d5ceb8189ab07e32b5a9357c,187.0,545492,872787.2000000001,52,0
6,35e962dd93a2dd33de09707d6efd901e,459.99,472851,756561.6000000001,66,0
6,4820b40112092e1c8721f0736f8bd21f,412.09,610540,976864,35,0
2,afe4ac445fc86a623c496dc267b0022c,904.25,307311,491697.6,55,0
4,68fc98f04dbacb8ff989d605819d0b41,952.71,805774,1289238.4000000001,58,0
4,94b49ddb191b3cac33e89e0ce1ffd382,377.85,327082,523331.2,2,1
10,4f9fd2bf51255d5c5a0c92fcf0784223,921.51,26736,42777.6,90,0
4,dc6534b7827397cd2e87e37f173ddfd5,885.4,88639,141822.4,13,0
9,57016e8f32f608860228cd93e2b699b5,252.15,441040,705664,52,0
4,a7d381fac68c72773de6584196d68a42,212.59,720144,1152230.4000000001,52,0
6,bb6db58dd8964e66fe971bdba1590e35,152.1,231198,369916.8,67,0
5,921b36389b24f14dd5c99914dea72c39,925.36,395866,633385.6000000001,88,0
5,b818bf57b64f41b9ec78402535db19db,461.42,377555,604088,62,1
2,a083cf8be66fd0a5552da7d6fc2c3b9c,166.77,103214,165142.4,41,1
4,0fd5102d441e22d79a1d7b8139e205ed,220.46,703877,1126203.2,64,0
10,fe2ef7d77c964d10bcc89adc6667386f,358.46,535351,856561.6000000001,59,0
2,959177eb126153ec0db150d1d5434e52,698.29,138101,220961.6,23,0
4,fff29e4e048d48c46d7c3517d3ac08c0,424.1,144626,231401.6,58,0
10,7613cfbb5bc060f0c93d8822330a4dbe,700.84,300075,480120,59,0
7,60d768c1c0a6d93239137762431f3a71,944.14,224617,359387.2,52,0
4,8ae85dd2a16dae3172b93fb9b8c0837d,594.76,279297,446875.2,56,1
1,a2600259d4c2fc489d48b531fa8bf5e2,772.05,453550,725680,62,1
7,2091a1f6c3981b0eb3cf0f9a46295147,785.88,481508,770412.8,32,0
1,153ecddc4180abc9d84ab9849b42f7e0,223.48,46958,75132.8,44,0
3,d01d0337954bfad4b24ed011f8640413,131.48,590673,945076.8,64,1
5,2d2be6c2f559eb44baff5eb4eddd187b,370.8,298188,477100.8,48,0
3,a18a9dbd312333b52c69a0c8328e8d80,385.45,743587,1189739.2,51,0
4,7c4e1d4e1f89bd5ad71b1bb5969dcc4c,782.59,388838,622140.8,25,0
6,e356c4639247d6dd01f703d5e57f9c08,285.48,763535,1221656,87,0
6,19f69bd3a853c933b7072ff23cb54f01,949.38,138012,220819.2,12,0
10,2dbeaa464458d6177529e67f01ad43e0,288.52,579444,927110.4,94,0
1,b88b1128a73c39aba9d733e39b12047d,668.92,307606,492169.6,93,0
7,51d16aef9b54de14e3e5e267157060c7,465.96,291454,466326.4,62,0
9,48b5d3a2f393d812302b53c36f363793,645.23,288887,462219.2,64,0
2,79aa40efb8cbab42da11bb07d0aee3e3,367.46,401774,642838.4,28,1
4,9a25ae3b398b1185f1ed3a576aeba0ab,867.66,701890,1123024,80,0
4,993fb2ec99850477333aba5d6e031744,253.31,259280,414848,62,0
5,7448546751a05818026904266d7a5d27,825.32,485644,777030.4,24,1
4,c0f6e3edcd4ab25d109d0e48834df646,685.84,316693,506708.8,92,0
6,4b950f4e6922b6c5996dac2e0da9bc1b,160.49,890089,1424142.4000000001,54,0
5,9a3ef15330bc5cabd10ea114222cb286,580.81,458381,733409.6000000001,80,0
9,b4ef0c95c6f86bc84eb9f68255f14fd7,131.66,672024,1075238.4000000001,23,0
9,6be9b3871f1a149080e9a12adf8cfc1c,873.92,399994,639990.4,3,0
8,b205b31cf24188e560d57b85b4c0ee95,189.47,258877,414203.2,66,0
2,834c6d304db1c5bafba3f026d81fa904,658.54,865452,1384723.2000000002,44,0
2,15985c346fb2abf6e128d30759af2646,891.64,930929,1489486.4000000001,8,0
1,7482cdba2557c61dd20f1014232f3d28,758.11,893923,1430276.8,5,0
4,28f32341152c4c2da82ad57164a4b652,327.37,426255,682008,57,1
5,98e83d52da0309393058fd6fee26c283,518.44,868869,1390190.4000000001,68,0
10,fc93e2f8517b8ef5dc1a5855ec8f05ed,139.01,774606,1239369.6000000001,23,1
6,f3d35231781f397de226ee63dc5d0bee,693.68,358863,574180.8,96,0
8,a97acff1f409ec33fe179963dfa474b5,599.62,151903,243044.8,27,0
4,3fefb3a38ef0f92b99edeba0db3f8624,875.61,855924,1369478.4000000001,35,0
9,a1e1c1d39f53eab2ddfb1cdc74057e8a,350.63,225944,361510.4,87,0
4,fddd3f43e91f4b8cd63dae9cc830f074,473.78,377834,604534.4,53,0
7,cbfedbb72514e3f12b5af837affe6154,732.48,500191,800305.6000000001,76,0
1,2d27ce5e6dc59c209d27e1b8eeb3cba8,430.6,853661,1365857.6000000001,74,0
10,5bb1792729e23df90520d7de79830a34,240.36,581390,930224,13,0
6,befd2ee16d47ce7c1e93449f64cd18ee,240.92,750964,1201542.4000000001,6,0
4,383b00e2169e4ed67b4a2d91e72de0e3,987.85,295904,473446.4,33,0
4,e6afa881d560cb6db6d068ce78e0f0ff,378.89,590359,944574.4,87,0
10,180a67d9a7814f09e5c77a8ab0edc872,449.28,95239,152382.4,85,0
5,276da5d48cab448c2073061590547052,430.76,30626,49001.6,84,0
2,0b7d0936b6f6018756c64e33dcda62e7,319.97,820590,1312944,90,0
3,ea8087896f9f6b512f41c9e9a279ecf2,969.05,745726,1193161.6000000001,80,0
10,ab11f282e84e98897c9f62c5b1c4dd24,645.85,610648,977036.8,98,0
10,1ef09396114b9cc0fe7b7e358cac7928,107.21,190153,304244.8,90,0
4,085170f73a75921fd465bcf8e3e41325,372.31,980682,1569091.2000000002,98,0
6,b7c4ca50b66b22731b1955566ec619a2,114.77,928779,1486046.4000000001,87,0
4,d72dce4631e585f2a3cfbd6d8076a923,563.87,760342,1216547.2,75,0
2,11ed61c519ff3cb21ebd049719eb2e63,759.43,723737,1157979.2,37,0
7,73729871e3ae41919e9913f65435333f,223.31,299561,479297.6,8,0
2,1e86a08eb7114fe1e7404ac76f98404c,352.81,247572,396115.2,67,0
5,806e78c068b8aa71d951d2365c6078cf,452.53,382997,612795.2000000001,76,0
1,182fd9e5dbc57cdf5f9f4c704631715e,673.83,12436,19897.6,15,0
1,de994d1337ae8c399a8e87c3f74e1cdd,156.75,136266,218025.6,52,0
8,02d2b6b5b7eec53ac70bf6afffd70b14,579.92,417937,668699.2000000001,34,0
9,365fe3d3830354caa6d5eb439216b8aa,834.72,328935,526296,3,1
5,feefba476fac48eeb2f11eb7cbb1b2ab,332.42,658597,1053755.2,11,1
10,69d12be85988910e0aa05a9a100ea56e,216.3,174175,278680,49,0
4,356eb63ee28938b92d774ef50e706cf7,714.61,981181,1569889.6000000001,37,0
4,f05f5c7a976c1589647e86119c90e224,887.62,733891,1174225.6000000001,99,0
6,5829bf096695fa1ec6ddf57b557f8ebd,414.68,712528,1140044.8,57,0
5,06961d392c3f38e6be2e04aeeda73981,122.88,333974,534358.4,83,0
4,3cba382e795a049f6941a8f3d8c4ab01,301.89,688009,1100814.4000000001,59,0
7,19bca048045f653efa3ff824c7199971,317.0,437299,699678.4,93,0
9,c4b839c56b94250c717c2c24ef1254af,649.93,336408,538252.8,49,0
5,cf3ee59727710cc85e5214ef9d7b99d8,176.12,753503,1205604.8,27,0
10,f4df41bbcab0058ac3dfd1e3cac1dd3b,652.97,974036,1558457.6000000001,39,0
2,7e530e027d07bf8f5a55e5efc1281091,444.45,975887,1561419.2000000002,1,0
6,4f1426ae7eb7c8c9c278dda48f247326,689.16,946053,1513684.8,83,0
5,190c06cef6103c8dd634b317037630b6,745.87,714806,1143689.6000000001,64,0
7,3ea63f80df82ae214e8afe0c109d1223,782.97,911561,1458497.6000000001,18,1
9,31b1019e65612469aa333617415bdd92,537.55,425231,680369.6000000001,3,0
9,464344d36d693c8d51c8bce2851b0169,644.13,381135,609816,73,0
10,ff2a2f088af8ceb5eb3fa7eb7780d34d,595.05,417038,667260.8,84,0
7,7a4f65d7f4454d969f0b660e15a57ea4,525.84,692222,1107555.2,50,0
4,c57d62a6de9809f8cdbf0a006420331e,821.61,875872,1401395.2000000002,63,0
4,441d10602427d2abeeaf0040c3fb0380,520.91,361048,577676.8,57,0
6,969e7d656394cd692b69ca9ec4e23eac,978.12,736021,1177633.6000000001,36,0
5,d373052a10eb8ecde9ad5bdb7e216a50,892.46,601314,962102.4,18,0
4,486dd3b867a1287d0a41d45b97c64995,897.59,613426,981481.6000000001,65,0
4,b936ca6082e12307447b611445f3f8be,814.27,939288,1502860.8,39,0
6,41b193b2a7d0ea9b39ec849f4e944256,541.07,511681,818689.6000000001,50,0
9,7b2419e87985982220a01faf0265a7ac,523.34,748856,1198169.6000000001,94,0
4,eec0c91e8f907e01481c02667abb453d,166.02,772299,1235678.4000000001,98,0
9,740b5685f05d0b80ef04cb62d406021d,529.59,573382,917411.2000000001,73,0
5,2efa80df1cc71631a24d0ed06fa9d134,569.58,988237,1581179.2000000002,60,0
7,29e8cb7ea8493a67d29b13b758406a05,301.51,781107,1249771.2,43,1
7,0f97c70a5bace9ea1e0053a3888bc140,530.22,49425,79080,98,1
6,00df97a8b137aa276b1acdba5b0dc400,308.05,186866,298985.6,88,1
2,01b9a40c0bf2221238d481f5a3e184ef,169.35,826456,1322329.6000000001,95,0
4,02ef9008e5ebc9cd60e864f4700b3eaa,245.49,21411,34257.6,73,0
10,9a0a9250ed2136fa7855f08085e602e5,566.69,811337,1298139.2000000002,64,0
4,0da2ef75d15191872a296d36e57eac3a,890.15,243486,389577.6,84,0
1,341ca966b9da20c01a89eef917f22713,869.55,592282,947651.2000000001,29,0
9,e34487feb2d9a8367c05eee7b6ea0b5e,391.72,834164,1334662.4000000001,32,0
5,f2c28e85370e5245dd0651c6986d6c42,514.18,921735,1474776,54,0
4,5b925746b57f42a432bfdd06ec2db99a,394.63,372522,596035.2000000001,51,0
1,85bf44df3470a9041e6fcdd925094e5f,448.97,462633,740212.8,11,0
2,43e9ac601f092d4a7feb5d2114ebb702,762.0,843124,1348998.4000000001,28,0
6,b079e59138c54111ba173539d78143c2,762.6,419320,670912,32,0
6,9c7b09f863ed595d08a4b05edd04682a,683.31,201508,322412.8,35,0
10,a6f8ed1b87df016dc31b07d613eac977,352.58,808474,1293558.4000000001,20,0
7,dd3cf6e4d1b5699a2b0aa9c270837aff,102.93,777750,1244400,35,0
9,348c15a674f09a85454647d8959aa2db,357.49,208846,334153.6,11,0
9,0ba62fcb485ff17b687329ffbf73c717,694.23,38827,62123.2,35,0
4,ba29aec45e87fd6883159a7d697add44,591.39,497703,796324.8,27,0
4,81754e030b5654bdef8c1a74a9c58e7b,806.57,235177,376283.2,15,0
7,25dfde0f63b49805fceb056b7118e502,416.84,638045,1020872,26,0
6,03b70b7713fb3406808c17c14cfa907c,383.24,556348,890156.8,21,0
5,097bef8f6708ea0894b2adee89643fa6,436.61,111318,178108.8,60,0
5,7bfadba89ba83f787c72186edd7c9209,548.85,303069,484910.4,38,0
7,aff599711d27e92532518c0df72688df,589.03,773410,1237456,44,0
4,cf86afd77b097fcc5d0a5feb75d09366,642.16,403272,645235.2000000001,26,0
6,e9b11ff1ccb1a3ca141789bc56f7f509,962.7,639007,1022411.2000000001,38,0
4,f49bbdf75b6f710c397b62346cffe904,867.61,472090,755344,57,0
7,981bdab9ca931df00e522bd1295b7f05,520.62,345138,552220.8,61,0
7,4d4fb5ebda8a63b0a3aaf145b48d20cf,778.11,656638,1050620.8,51,0
4,9fa5718a025ad26577b20212dd4e12d4,154.03,47054,75286.4,55,0
6,b24253c33a40cd7b1f9a937337f8b391,708.72,986183,1577892.8,93,0
4,b774de571e4ccf0e22ce514cde8b5eb6,931.46,668149,1069038.4000000001,62,0
1,fbce7962d7d116566a3b63cb88ab8634,191.54,743579,1189726.4000000001,30,0
7,fca9672e87fd7922b8a0f0438ed89fe4,280.13,668209,1069134.4000000001,54,0
4,f0121fe920019ed47d1fff977ed8c06c,477.82,588198,941116.8,13,1
6,37268d0ad9ecda8566ac65bf35ff716a,485.25,966857,1546971.2000000002,90,0
6,d060184655a9428db242db7012fadfe5,839.89,911574,1458518.4000000001,68,0
1,c78fe8723917550a348ad538c75167e8,266.52,800964,1281542.4000000001,80,1
10,cb629bd19eff7302fd1153deced15bd6,830.71,229359,366974.4,94,0
2,1840a11593ae434f46f1a6da4ce98d0e,376.47,321759,514814.4,96,0
6,e3dca1eb77cb61dff4fc32608bcec51d,915.83,97475,155960,33,0
6,36da9e3f6b48aec9c6bf69cf450437b3,278.74,147740,236384,21,0
9,dbd25808b344668e52f00ee531764d00,673.94,314978,503964.8,27,1
2,b9b6b897bc34b263a7b9e0e1594fe75b,140.87,476093,761748.8,18,0
7,4317b33792dcc380c4efcf1ea42c5f00,212.81,374306,598889.6,5,0
6,c6e0740605d1c2664241e52f9dba8187,835.4,775218,1240348.8,43,0
4,113d69a416d7addd2a36f2b3bc1ef6a0,928.11,233165,373064,39,1
5,ddef3ed922c9c7ba0d71ab5575b86ce8,512.19,259504,415206.4,31,0
2,dbda29c0716e0f4e6613400e33b1d072,796.45,437436,699897.6000000001,53,0
4,b7fb1b269205c2feb932b5823e10334f,672.53,48053,76884.8,37,0
2,59c2e73c6b040a5ab24f3da2fe001e52,771.78,430439,688702.4,51,0
10,90ed487fb28faecde109d3a69ee6f05c,470.68,379974,607958.4,21,1
4,ea7ca6b64cee89e1974d6c6fd3c0f95d,889.76,896731,1434769.6000000001,42,0
6,4686306b0c9c8ace2da68f6b85e701d8,642.21,963553,1541684.8,95,0
2,563b8a99056fba583cfb1a2967650b38,956.52,900241,1440385.6000000001,15,0
1,61e3f01d48f16ab378e9a39491263082,448.54,313947,502315.2,44,0
9,b8fea7957f492b2602aafd0b7841e5cf,309.14,868615,1389784,88,1
5,6b7d3ddd4b35c5594aee657b8123d1e7,661.14,368532,589651.2000000001,62,0
10,c586375e976e855cc2ebea1ba85d39fe,551.83,466809,746894.4,47,0
6,bda3d1afad6087c3f5c8ddc7d69abf9f,884.54,549928,879884.8,20,0
4,16b466fca891de9ddc41bcd7bddb8123,766.54,272539,436062.4,100,0
5,acb512801907cebf7c3b5c2b65213fbe,543.51,743781,1190049.6000000001,51,0
4,5d2473e5df82985c9711be90b700e2e8,346.46,113962,182339.2,88,1
5,94281e87bb29af569bac51c3ebb41dd4,299.42,882334,1411734.4000000001,67,1
9,f4ce5aa3a07de21fded62d149dba6b5a,862.96,678241,1085185.6000000001,8,0
5,31035a0c22aaf9703fcc8c18d104aa75,800.19,408353,653364.8,13,0
7,56dc74dc83b3e5927a885eb894337ebc,760.5,624456,999129.6000000001,75,0
6,a25250aeb2430b91bd8aa6d8b2f2d9f7,857.67,733359,1173374.4000000001,14,1
1,f198b3ec692f6526fd0e1e62167c4f63,284.22,306448,490316.8,52,0
9,0ca2fc4f85bf2e629400419f410a7136,665.72,43118,68988.8,60,0
10,b4f006ee48e5a797c6789ddf5e44c01d,682.3,706554,1130486.4000000001,77,0
10,eec8f8d616988538a86852ee4c499f21,101.85,865805,1385288,63,0
4,fb48bd350b9b2e64fd04c272673ef3c5,902.52,204592,327347.2,65,0
2,7ef752f39237a7c8d169a6ae963c00a9,800.46,765651,1225041.6000000001,90,0
6,f387bdbb3aa41d537c810d2723013a48,702.06,711265,1138024,53,0
9,a559a6a460b812a02240db312320a5b8,156.36,483299,773278.4,46,0
5,55b8f0bda530205873342c7306fb10dd,407.98,622854,996566.4,13,0
1,0df39aa63fe7bfc30306bd9cb030d4ba,914.68,331634,530614.4,88,0
4,46b17c08ef508ae0b715fe0fe6763c03,189.53,582889,932622.4,90,0
1,c85be1b9330b6e04c2428ad86c835e1d,851.17,95092,152147.2,37,0
4,537d72907c3b5dbf7b82e5b2217df7aa,941.91,133830,214128,86,0
3,0235772667b99ae55b37ff92c494c06a,788.32,62368,99788.8,45,0
6,c9687852f7051d4eba8d400afaf4bb56,620.38,905821,1449313.6000000001,87,0
9,c99ec0d4769d8e036a23e073744aabc4,714.19,92173,147476.8,41,1
10,d9170e146ead6d484f023e2a3e8ebaae,665.18,952040,1523264,14,0
6,0f0448652b0b69731221a8afa6133439,199.27,976209,1561934.4000000001,84,0
2,8b775a03b807f41a5ad1f0e4ad9dcb83,228.21,761452,1218323.2,68,0
9,1def7ef8bf758ecf738dfbc21ee8749f,784.5,91761,146817.6,2,0
7,5f97670cbb5a53440392bdb2606564c6,509.43,271862,434979.2,8,0
5,6ae3c551fbb9f7e0e6c36519a7e40eda,908.45,994544,1591270.4000000001,91,0
4,71fcb3ce34147fcad1aec464ae1b5d17,372.92,329292,526867.2000000001,8,0
7,12c3fc5076a1c378d356f199cd1cdb95,727.76,917149,1467438.4000000001,88,0
6,6c426e84e0bfd7509e3fe8c49aee3dc6,511.4,924778,1479644.8,7,0
7,5ee47724000f18ef50bfa7b8658886eb,811.69,322498,515996.8,24,0
9,bfb1de0ddc8b5ab5bba00c3f9bb40d41,847.85,688923,1102276.8,76,0
7,b89f27cd0e05c1fa787ac3dfd2d4d2f4,247.04,449083,718532.8,42,0
4,f9fb16c46f8b7817b5e5d223acf35732,530.22,617827,988523.2000000001,52,0
9,6c9dd72c5faf359b8bc6a5c8ea00750c,560.28,902636,1444217.6000000001,14,0
4,40b68ecc911108ec7e0fd92fc531809f,479.49,561018,897628.8,71,0
9,db299091f99d2447a44a28759cbd877f,364.34,572977,916763.2000000001,93,1
6,ca199461c7eb8d930535046c3ddc3404,785.24,713291,1141265.6000000001,16,0
3,d2fac78d74a65a693e7f204f30e52e66,859.5,789545,1263272,29,0
4,b5406ac943250ec1815cc2639631c22e,301.65,73490,117584,3,0
5,7995488d9b89286fdf231a7f7a9d4268,106.81,200829,321326.4,26,0
4,905121384554a3053676138144b51e22,811.8,707262,1131619.2,3,0
8,7ee5a452eec8f453595084b695b63977,334.07,670418,1072668.8,87,1
10,6f7814acbf0963c34baf6941b30d07ff,356.39,174926,279881.6,72,0
4,40b7a0e6e0b72677da246e1669aa25a6,399.63,104743,167588.8,55,0
7,2f532015db271f47f259464a66536281,131.14,637309,1019694.4,33,1
6,33dc0cf3444cad6cf6c8bbfa199bd3b4,240.56,613701,981921.6000000001,53,0
5,0ff95533028a9b38cc8080a518fd7989,469.61,416228,665964.8,6,0
10,498f4668ee21f57b4b2e2902fdaac149,638.45,228172,365075.2,100,0
5,ac70fad68044da47d79cbf2ec67aafc2,316.93,886478,1418364.8,85,0
7,40bc5b78d63563a2152b49898c2ace11,165.78,320910,513456,82,0
9,71d1adc63e38cdce0183748b59c7e2a1,558.05,692159,1107454.4000000001,1,0
5,63d6967767903e4c3c81ea1e6e7885d8,620.42,560495,896792,24,0
4,cbf1475d8d47fc1a4499e7f80b72a0f3,152.03,270210,432336,100,0
2,b6afbbd74ff93c088053a81130b66127,865.47,232307,371691.2,39,0
9,39c5e9dfb5991cc83441d328aa95200b,711.0,517363,827780.8,18,0
7,7bc221aaf8e223b7fa3e185aceed9dd7,917.87,543723,869956.8,92,1
6,fd56a51cc0b01ee05eab495777b373a4,689.68,118288,189260.8,7,0
10,7f99d8d0e85f98dfdaaa82f07b0acaaa,223.5,145292,232467.2,81,0
6,6d0a99eb107f7aef10e7d2ee64d724bf,635.1,256764,410822.4,28,0
6,deed28e500a2c35ea8adbd19527f4d89,384.71,206024,329638.4,42,0
9,ae027f211a6079989931b044268a124e,677.59,95284,152454.4,22,0
9,99121c3ce1ee4882493ff2044a389a8c,363.76,362789,580462.4,33,0
2,0ab82e4a45602d548ec6f6ccaea9a4da,562.81,840156,1344249.6000000001,98,0
5,05878ad9023d690d8a67dc19c4e57cbf,186.3,178542,285667.2,73,0
4,ab2e67999972d2a6fadb43f9f71e4d7f,324.59,461674,738678.4,64,0
7,d4b8772a615513d10eb333c64ad610d7,697.06,737648,1180236.8,63,0
5,c31d300e8921022010c64974c9b7921e,756.35,153786,246057.6,16,0
7,894affeec874c5b61b4879bbc95830bf,892.7,703783,1126052.8,85,0
7,eb207989f8b89b16f6e6eff80eb17c55,541.16,425012,680019.2000000001,80,0
1,88156335a775b851152196e5f1aac08e,186.41,856795,1370872,32,0
10,6784d74ecdcb85e1a47701cbc381dafe,864.82,689371,1102993.6000000001,68,0
7,03d14b74541ad4d1c653eecdb7beda77,792.44,866645,1386632,74,0
6,80d7a7adf535858e63c87f8b16604ca1,729.38,760977,1217563.2,73,0
6,8724300693098c544d0f658e95c4d008,130.54,753666,1205865.6000000001,38,0
7,e3f910227b0f48225ba7d89533001212,679.84,837997,1340795.2000000002,43,0
6,55be40bd6de597e0e156debf2bcedf35,429.4,971142,1553827.2000000002,63,0
5,0aaa0bdcf2ec7aa1f1ed902df0de42d3,237.86,817583,1308132.8,43,0
4,3eaa76f6e882c69380531ff8cba049a0,740.15,46551,74481.6,31,0
5,ad7d52e65ff0bd6112f804c400f84408,302.78,765302,1224483.2,50,0
6,003cf9f1200ef58cad5a8590bc9a856d,550.2,241031,385649.6,70,1
6,c742240c6073ef02db51af6819fc0428,175.93,817190,1307504,73,0
9,d1dff9509dcc130cee1d94e7226344d4,736.33,784894,1255830.4000000001,66,0
7,4fef2cdd0f7bd1514169e2af8cfa2baf,492.73,427107,683371.2000000001,98,0
4,85503e0cd875b5f442830f3b3fbbb912,440.44,679513,1087220.8,15,0
7,31c4eae612a6ad548e510f0a13a78e0a,493.7,375265,600424,39,0
9,511a19f01bd42227d3c34dfb68e14b3c,570.86,192907,308651.2,25,0
6,2e0fab18517febd47358822b7d430c29,648.02,457251,731601.6000000001,19,0
7,2d3ba85899c84c7173fc9d26c5859660,931.64,254712,407539.2,80,0
10,e86006d1f8ad55a55388e7c69dd925e6,640.24,109593,175348.8,59,0
3,20e2be730525228585ba94b258e36cf9,820.21,680424,1088678.4000000001,33,0
10,2578fcf80c70a46caf5ad9aae7f54341,601.33,875913,1401460.8,77,0
6,5be0a9e067fb1e325bef615a36a6c8d4,618.49,258693,413908.8,25,0
10,843f1fc957bfd248be3733965f238832,955.4,843828,1350124.8,83,0
5,d53f20da7ba9bd7f66232bac58996d33,797.82,838243,1341188.8,95,0
2,1f336935624bd1aed18d4c718323b91b,565.26,857489,1371982.4000000001,28,0
9,3cd1b3c3ca8c23c2a95c258ef12b7781,360.88,322640,516224,74,0
5,7a4e53c48799fc9efd525c4128e99eaf,438.58,270629,433006.4,93,0
7,ab79f5ba70001bef5db77a91b5ec00f0,670.18,900131,1440209.6000000001,5,0
10,d5cda71ec8c8d42f582d6beacb715adb,196.66,605473,968756.8,3,0
10,0676a2904e19389d6e684fb0e0e60fe4,542.28,172605,276168,42,0
5,650a1c505daa7fe3642ba582267b1f1c,530.67,643343,1029348.8,99,0
2,bfbb362456b5450c46bd72f988cde221,660.72,569720,911552,80,1
6,c6e2d31fe7d0d790a0fd7670af713ddf,900.5,126338,202140.8,56,0
4,31bab9569881ac76ef53267a9525c984,883.85,29424,47078.4,31,0
