CustomerOrderItemID,TotalWeight,UnitQuantity,TotalPallets,TotalPalletSpaces,TotalVolume,hvr_isdelete
7,167.63,21,41927,50312.4,80499.84,0
6,232.85,46,805181,966217.2,1545947.52,0
4,492.61,5,394987,473984.4,758375.04,0
2,623.17,47,958583,1150299.5999999999,1840479.3599999999,0
3,930.56,55,71590,85908,137452.8,0
10,204.18,39,686781,824137.2,1318619.52,0
9,388.74,96,741880,890256,1424409.6000000001,0
7,763.26,76,33462,40154.4,64247.04,0
1,482.11,2,122823,147387.6,235820.16,0
9,581.65,49,66944,80332.8,128532.48,0
5,523.31,65,747110,896532,1434451.2000000002,0
2,111.3,67,91126,109351.2,174961.92,0
10,297.13,26,372461,446953.2,715125.1200000001,1
1,552.53,17,815126,978151.2,1565041.9199999999,0
7,391.85,36,504216,605059.2,968094.72,0
7,597.9,2,588944,706732.7999999999,1130772.48,0
2,376.58,52,205939,247126.8,395402.88,0
7,174.24,50,682200,818640,1309824,0
7,360.22,82,462678,555213.6,888341.76,0
7,946.14,66,609866,731839.2,1170942.72,0
9,328.4,92,263884,316660.8,506657.28,0
9,387.63,29,606104,727324.7999999999,1163719.6799999999,0
7,533.31,2,253358,304029.6,486447.36,0
2,116.77,1,869090,1042908,1668652.8,1
2,831.52,77,239239,287086.8,459338.88,0
6,796.74,77,692992,831590.4,1330544.6400000001,1
5,180.37,95,996805,1196166,1913865.6000000001,0
2,125.27,87,16759,20110.8,32177.28,0
6,892.81,4,185559,222670.8,356273.28,0
4,629.74,42,675479,810574.7999999999,1296919.6799999999,1
2,180.5,100,617661,741193.2,1185909.1199999999,1
7,114.75,26,882243,1058691.5999999999,1693906.5599999998,0
2,826.56,61,710710,852852,1364563.2000000002,0
9,842.52,76,642225,770670,1233072,0
9,863.69,52,111379,133654.8,213847.68,0
5,673.12,86,279290,335148,536236.8,0
9,713.93,32,753453,904143.6,1446629.76,0
6,660.98,5,311208,373449.6,597519.36,0
4,381.37,5,783307,939968.4,1503949.4400000002,0
6,685.97,57,807053,968463.6,1549541.76,1
9,913.36,80,87686,105223.2,168357.12,0
6,637.87,17,833226,999871.2,1599793.9199999999,0
5,887.69,91,445863,535035.6,856056.96,1
6,827.91,23,461067,553280.4,885248.6400000001,0
2,953.21,20,806100,967320,1547712,0
6,428.88,81,903255,1083906,1734249.6000000001,0
5,268.46,73,225207,270248.4,432397.4399999999,1
6,498.38,2,678001,813601.2,1301761.9199999999,0
9,221.52,93,371112,445334.4,712535.04,0
6,276.63,78,697086,836503.2,1338405.1200000001,0
5,813.22,78,748995,898794,1438070.4000000001,0
2,583.19,71,238415,286098,457756.8,0
10,940.29,80,916852,1100222.3999999999,1760355.8399999999,0
5,857.4,46,202916,243499.2,389598.72,0
5,951.73,58,604455,725346,1160553.6000000001,0
2,150.2,16,749858,899829.6,1439727.3600000001,0
7,697.75,93,87878,105453.6,168725.76,1
10,860.17,97,300047,360056.4,576090.24,0
4,120.6,90,775634,930760.7999999999,1489217.28,0
7,927.74,71,69605,83526,133641.6,0
5,571.87,96,559968,671961.6,1075138.5600000001,0
7,701.47,40,92964,111556.8,178490.88,0
5,420.87,75,650597,780716.4,1249146.24,0
9,449.03,94,66906,80287.2,128459.52,0
2,145.22,52,393000,471600,754560,0
3,389.82,15,646608,775929.6,1241487.3600000001,0
4,273.14,99,33229,39874.8,63799.68,1
9,436.18,45,707785,849342,1358947.2000000002,0
2,888.92,6,962629,1155154.8,1848247.6800000002,0
5,875.02,83,621176,745411.2,1192657.9199999999,0
10,606.68,85,197807,237368.4,379789.44,0
7,716.65,86,28996,34795.2,55672.32,0
9,130.63,70,799366,959239.2,1534782.72,1
4,436.58,59,969030,1162836,1860537.6000000001,0
2,733.36,97,902552,1083062.3999999999,1732899.8399999999,0
6,703.96,20,787189,944626.7999999999,1511402.8799999999,0
4,212.93,19,691298,829557.6,1327292.1600000001,0
7,384.36,78,920439,1104526.8,1767242.8800000001,0
5,662.24,78,844988,1013985.6,1622376.96,1
6,741.28,12,649314,779176.7999999999,1246682.8799999999,0
5,946.19,43,38173,45807.6,73292.16,0
3,328.12,77,871925,1046310,1674096,0
2,542.99,28,557019,668422.7999999999,1069476.48,0
2,887.84,16,750200,900240,1440384,0
7,122.11,62,269400,323280,517248,0
2,132.0,16,998391,1198069.2,1916910.72,0
5,459.04,8,892249,1070698.8,1713118.0800000001,0
10,235.15,54,596884,716260.7999999999,1146017.28,0
2,326.03,58,59243,71091.6,113746.56,0
9,665.2,31,21112,25334.4,40535.04,0
7,986.44,29,597022,716426.4,1146282.24,1
4,393.37,98,269951,323941.2,518305.92,0
6,623.86,68,867406,1040887.2,1665419.52,0
9,210.23,94,378906,454687.2,727499.52,0
9,474.72,11,175839,211006.8,337610.88,0
5,907.59,58,164250,197100,315360,0
10,917.45,70,880316,1056379.2,1690206.72,0
4,874.09,61,230615,276738,442780.8,1
5,918.17,15,139939,167926.8,268682.88,0
1,802.02,8,687799,825358.7999999999,1320574.0800000001,0
5,728.1,6,220276,264331.2,422929.92,1
5,817.34,83,712314,854776.7999999999,1367642.8799999999,0
9,102.09,64,171684,206020.8,329633.28,1
4,149.96,85,502415,602898,964636.8,0
2,894.03,7,676921,812305.2,1299688.3200000001,0
6,608.43,95,18596,22315.2,35704.32,0
7,426.06,93,285821,342985.2,548776.3200000001,0
2,900.96,72,687569,825082.7999999999,1320132.48,0
5,489.99,33,699607,839528.4,1343245.4400000002,0
4,571.05,48,898643,1078371.5999999999,1725394.5599999998,0
1,566.31,50,539742,647690.4,1036304.6400000001,0
9,134.85,84,451018,541221.6,865954.5600000001,0
10,698.28,18,961155,1153386,1845417.6000000001,0
7,738.52,26,983198,1179837.5999999999,1887740.1599999999,1
4,449.99,77,832907,999488.3999999999,1599181.4399999999,0
9,499.68,75,784827,941792.4,1506867.8400000001,0
5,284.96,10,76224,91468.8,146350.08,0
9,808.82,42,68105,81726,130761.6,0
2,289.65,70,609065,730878,1169404.8,0
9,364.67,26,206222,247466.4,395946.24,0
5,412.31,54,702886,843463.2,1349541.1200000001,0
7,880.76,59,342188,410625.6,657000.96,0
9,862.03,32,42099,50518.8,80830.08,0
1,639.12,26,262489,314986.8,503978.88,0
2,647.28,66,873849,1048618.8,1677790.0800000001,0
3,611.23,99,23524,28228.8,45166.08,0
10,272.67,70,75467,90560.4,144896.64,0
6,508.15,59,740893,889071.6,1422514.5600000001,0
5,393.34,22,995977,1195172.3999999999,1912275.8399999999,0
7,516.57,76,338725,406470,650352,0
6,224.99,52,731608,877929.6,1404687.3600000001,0
9,350.21,21,50815,60978,97564.8,0
10,604.65,67,222826,267391.2,427825.92,0
10,782.44,1,756665,907998,1452796.8,0
4,761.11,95,633586,760303.2,1216485.1199999999,0
1,795.61,78,560814,672976.7999999999,1076762.8799999999,0
5,640.67,21,363304,435964.8,697543.6800000001,0
2,267.58,80,281715,338058,540892.8,0
5,548.0,56,13627,16352.4,26163.84,0
4,869.24,56,933789,1120546.8,1792874.8800000001,0
4,501.78,4,436015,523218,837148.8,0
10,960.67,44,763386,916063.2,1465701.1200000001,0
6,431.93,74,210544,252652.8,404244.48,0
7,421.6,39,138519,166222.8,265956.48,0
9,456.01,47,269770,323724,517958.4,0
1,585.52,68,791378,949653.6,1519445.76,0
7,760.15,36,481172,577406.4,923850.2400000001,1
1,142.67,63,899742,1079690.3999999999,1727504.6399999999,0
2,836.0,78,793697,952436.3999999999,1523898.24,0
10,933.07,24,826170,991404,1586246.4000000001,0
2,257.61,68,997809,1197370.8,1915793.2800000003,0
10,586.44,59,249753,299703.6,479525.76,0
6,688.28,1,941296,1129555.2,1807288.3200000001,0
1,986.43,76,928495,1114194,1782710.4000000001,0
3,721.88,93,191785,230142,368227.2,0
6,314.42,62,98098,117717.6,188348.16,0
2,471.55,26,800135,960162,1536259.2000000002,0
5,981.5,51,753361,904033.2,1446453.1200000001,0
7,894.19,74,231826,278191.2,445105.92,1
6,408.62,18,802458,962949.6,1540719.3600000001,0
2,328.94,53,182579,219094.8,350551.68,0
10,774.37,56,817873,981447.6,1570316.1600000001,0
4,426.83,94,501394,601672.7999999999,962676.48,0
9,821.35,97,715505,858606,1373769.6000000001,0
7,205.57,31,974591,1169509.2,1871214.72,0
2,193.02,35,427309,512770.8,820433.28,0
6,842.23,59,617761,741313.2,1186101.1199999999,1
2,781.72,6,236267,283520.4,453632.64,0
10,787.06,64,80361,96433.2,154293.12,0
6,947.48,46,879513,1055415.5999999999,1688664.96,0
1,519.65,78,629051,754861.2,1207777.9199999999,1
4,685.51,6,255993,307191.6,491506.56,0
7,272.25,19,282636,339163.2,542661.12,0
1,331.82,64,818700,982440,1571904,0
4,330.45,55,626588,751905.6,1203048.96,0
7,162.71,40,943889,1132666.8,1812266.8800000001,0
5,150.87,32,266673,320007.6,512012.16,0
6,487.92,62,73085,87702,140323.2,0
9,494.1,39,792904,951484.7999999999,1522375.6799999999,0
6,382.0,99,737122,884546.4,1415274.2400000002,0
2,473.97,76,607951,729541.2,1167265.9199999999,0
2,976.29,29,630662,756794.4,1210871.04,0
4,497.48,27,145120,174144,278630.4,0
10,399.88,27,868753,1042503.6,1668005.76,0
5,659.19,12,207727,249272.4,398835.84,0
4,561.57,87,161460,193752,310003.2,0
9,535.89,97,678395,814074,1302518.4000000001,0
6,945.34,30,233173,279807.6,447692.16,0
6,151.61,47,92749,111298.8,178078.08,0
7,101.46,98,490629,588754.7999999999,942007.6799999999,0
4,449.16,7,117060,140472,224755.2,0
9,618.99,70,686184,823420.7999999999,1317473.28,0
9,961.34,36,795618,954741.6,1527586.5600000001,0
4,939.64,47,566145,679374,1086998.4000000001,0
2,388.34,84,749585,899502,1439203.2000000002,0
5,529.28,34,870879,1045054.7999999999,1672087.6799999999,0
7,973.04,34,22677,27212.4,43539.84,0
5,494.21,10,241512,289814.4,463703.04,0
4,364.59,48,15155,18186,29097.6,0
2,907.37,65,670469,804562.7999999999,1287300.48,0
6,567.79,38,69526,83431.2,133489.92,1
2,980.65,1,931468,1117761.5999999999,1788418.5599999998,1
4,796.57,51,248119,297742.8,476388.48,0
6,232.73,11,224845,269814,431702.4,0
2,420.49,56,762369,914842.7999999999,1463748.48,0
6,520.43,40,513128,615753.6,985205.76,1
6,804.15,7,247030,296436,474297.6,1
5,885.53,1,385205,462246,739593.6000000001,0
5,576.33,89,304681,365617.2,584987.52,0
4,965.47,91,332073,398487.6,637580.16,0
5,170.56,6,170400,204480,327168,0
1,649.37,82,923322,1107986.3999999999,1772778.24,0
8,800.58,95,942026,1130431.2,1808689.9199999999,0
2,708.33,40,445793,534951.6,855922.5600000001,0
9,421.19,48,324718,389661.6,623458.5599999999,0
1,772.79,35,690624,828748.7999999999,1325998.0800000001,0
1,831.59,52,311539,373846.8,598154.88,0
4,656.22,83,110554,132664.8,212263.68,0
5,930.28,74,851933,1022319.6,1635711.3600000001,0
4,854.42,23,530720,636864,1018982.4,0
4,729.15,21,594833,713799.6,1142079.3600000001,0
4,967.63,7,634768,761721.6,1218754.5600000001,0
9,393.67,73,786750,944100,1510560,0
5,244.95,63,823994,988792.7999999999,1582068.48,0
2,931.65,95,773427,928112.4,1484979.8400000001,1
6,517.2,27,428990,514788,823660.8,0
4,618.65,18,873271,1047925.2,1676680.3200000001,0
6,362.57,33,615005,738006,1180809.6000000001,0
7,681.53,47,255592,306710.4,490736.64,0
6,252.8,19,947633,1137159.5999999999,1819455.3599999999,0
5,731.22,84,31391,37669.2,60270.72,0
4,778.38,80,364652,437582.4,700131.84,0
5,666.3,62,198063,237675.6,380280.96,0
5,196.27,35,442758,531309.6,850095.36,0
9,231.12,1,774079,928894.7999999999,1486231.6799999999,0
6,402.55,1,737785,885342,1416547.2000000002,0
5,774.88,29,717051,860461.2,1376737.9199999999,0
6,234.3,79,741605,889926,1423881.6000000001,0
5,297.02,66,80254,96304.8,154087.68,0
9,687.09,21,408881,490657.2,785051.52,0
4,519.47,44,782364,938836.7999999999,1502138.8799999999,0
1,765.78,64,559961,671953.2,1075125.1199999999,0
4,981.33,12,246438,295725.6,473160.96,0
7,772.62,69,188644,226372.8,362196.48,0
2,541.79,78,175312,210374.4,336599.04,0
6,497.5,6,63094,75712.8,121140.48,0
9,102.84,86,103116,123739.2,197982.72,0
4,369.07,96,54271,65125.2,104200.32,0
2,236.93,2,143777,172532.4,276051.84,0
4,174.17,3,279869,335842.8,537348.48,0
2,231.05,68,737251,884701.2,1415521.9199999999,0
2,946.06,2,991201,1189441.2,1903105.9199999999,0
5,235.63,17,629491,755389.2,1208622.72,0
2,688.3,33,562216,674659.2,1079454.72,0
7,367.98,98,947391,1136869.2,1818990.72,0
6,538.16,54,627896,753475.2,1205560.3200000001,0
1,419.0,80,409066,490879.2,785406.72,0
9,613.32,5,800502,960602.3999999999,1536963.8399999999,1
9,445.17,7,604488,725385.6,1160616.96,0
4,638.56,55,758504,910204.7999999999,1456327.6799999999,1
6,943.37,82,999702,1199642.3999999999,1919427.8399999999,0
10,899.18,32,975594,1170712.8,1873140.4800000002,0
2,797.59,48,22729,27274.8,43639.68,0
9,870.77,13,205632,246758.4,394813.44,0
7,375.64,88,581579,697894.7999999999,1116631.6799999999,0
6,901.38,51,392445,470934,753494.4,0
9,879.86,28,454500,545400,872640,0
6,721.86,38,562938,675525.6,1080840.96,0
6,627.38,12,195791,234949.2,375918.72,0
2,934.08,30,184983,221979.6,355167.36,0
9,788.41,26,273492,328190.4,525104.64,0
2,547.77,29,48020,57624,92198.4,0
10,730.31,97,662889,795466.7999999999,1272746.8799999999,0
9,735.22,78,615578,738693.6,1181909.76,0
9,457.77,72,268900,322680,516288,0
10,664.21,38,936582,1123898.3999999999,1798237.4399999999,0
10,760.97,75,144169,173002.8,276804.48,1
1,492.02,95,866510,1039812,1663699.2000000002,0
9,398.24,10,626776,752131.2,1203409.9199999999,0
4,426.14,6,29167,35000.4,56000.64,1
10,686.8,11,124391,149269.2,238830.72,0
6,881.3,5,796079,955294.7999999999,1528471.6799999999,0
6,743.18,95,195750,234900,375840,0
5,818.67,63,41357,49628.4,79405.44,0
9,443.31,84,710404,852484.7999999999,1363975.6799999999,0
8,781.5,41,674109,808930.7999999999,1294289.28,0
5,734.27,38,616528,739833.6,1183733.76,0
5,810.14,84,467796,561355.2,898168.3199999999,0
2,841.84,68,882999,1059598.8,1695358.0800000001,1
9,820.3,29,323217,387860.4,620576.64,0
6,261.54,7,407609,489130.8,782609.28,0
5,768.41,43,347355,416826,666921.6000000001,0
6,943.52,29,747417,896900.4,1435040.6400000001,0
4,193.48,57,430771,516925.2,827080.3199999999,0
4,945.03,67,279991,335989.2,537582.7200000001,0
2,863.65,37,491665,589998,943996.8,0
1,378.57,60,653125,783750,1254000,1
4,143.59,85,238121,285745.2,457192.3200000001,0
10,461.67,36,74906,89887.2,143819.52,1
1,202.53,54,698348,838017.6,1340828.1600000001,0
7,553.51,92,721809,866170.7999999999,1385873.28,0
2,825.08,27,17199,20638.8,33022.08,0
7,645.54,39,640407,768488.4,1229581.4400000002,0
9,341.73,73,228896,274675.2,439480.3200000001,0
6,817.57,32,849097,1018916.3999999999,1630266.24,0
7,963.57,52,897320,1076784,1722854.4000000001,0
6,268.62,31,16457,19748.4,31597.44,0
6,604.94,66,716330,859596,1375353.6000000001,0
9,170.76,100,688421,826105.2,1321768.3200000001,0
6,985.4,91,176787,212144.4,339431.04,0
6,767.09,68,238750,286500,458400,0
2,941.07,91,882992,1059590.3999999999,1695344.6399999999,0
7,832.55,2,422629,507154.8,811447.6800000001,0
5,461.69,27,792863,951435.6,1522296.96,1
6,988.36,23,733930,880716,1409145.6000000001,0
6,483.8,36,369548,443457.6,709532.16,1
6,323.61,18,644106,772927.2,1236683.52,0
9,651.38,90,650603,780723.6,1249157.76,1
9,608.17,36,901711,1082053.2,1731285.1200000001,0
10,629.0,16,840227,1008272.3999999999,1613235.8399999999,0
2,598.63,23,699726,839671.2,1343473.9199999999,0
7,286.92,65,213623,256347.6,410156.16,0
4,278.13,61,240872,289046.4,462474.24,0
4,188.27,49,839534,1007440.7999999999,1611905.28,0
6,761.84,99,399230,479076,766521.6000000001,0
10,883.92,90,710416,852499.2,1363998.72,0
1,643.33,3,795039,954046.7999999999,1526474.8799999999,0
6,678.85,93,991884,1190260.8,1904417.2800000003,1
6,118.22,28,229725,275670,441072,0
6,931.63,19,504595,605514,968822.4,0
5,245.96,31,90632,108758.4,174013.44,0
5,344.26,51,56499,67798.8,108478.08,0
5,979.56,35,276732,332078.4,531325.4399999999,0
10,382.62,60,515461,618553.2,989685.12,0
7,357.09,82,53223,63867.6,102188.16,0
4,612.11,24,484287,581144.4,929831.04,1
2,844.63,29,673846,808615.2,1293784.3200000001,0
9,188.36,34,848947,1018736.3999999999,1629978.24,0
6,351.9,40,442632,531158.4,849853.4400000001,0
5,822.82,82,431636,517963.2,828741.12,1
10,886.25,40,418847,502616.4,804186.24,0
10,575.82,36,162858,195429.6,312687.36,0
7,291.39,70,328134,393760.8,630017.28,0
4,598.56,87,468836,562603.2,900165.12,1
6,140.17,2,209310,251172,401875.2,0
7,836.95,58,872553,1047063.6,1675301.76,0
9,975.86,71,586939,704326.7999999999,1126922.8799999999,0
6,146.07,77,268845,322614,516182.4,0
4,405.58,72,328910,394692,631507.2000000001,0
10,301.28,50,938057,1125668.3999999999,1801069.4399999999,0
4,508.82,98,233849,280618.8,448990.08,1
6,629.44,63,638978,766773.6,1226837.76,0
2,354.11,98,338054,405664.8,649063.6800000001,1
6,911.34,12,378219,453862.8,726180.48,0
10,581.58,71,549136,658963.2,1054341.1199999999,1
2,772.29,64,38198,45837.6,73340.16,0
5,589.76,9,560939,673126.7999999999,1077002.8799999999,0
7,581.74,76,97129,116554.8,186487.68,0
3,461.73,80,636818,764181.6,1222690.5600000001,0
4,722.08,97,861584,1033900.7999999999,1654241.28,0
1,818.64,69,373294,447952.8,716724.48,0
7,923.39,59,39539,47446.8,75914.88,0
6,613.33,92,962961,1155553.2,1848885.1200000001,0
1,849.02,2,861369,1033642.7999999999,1653828.48,0
10,276.97,71,939201,1127041.2,1803265.9199999999,0
5,414.67,31,165206,198247.2,317195.52,0
1,544.73,38,189502,227402.4,363843.84,0
4,549.7,42,249614,299536.8,479258.88,0
9,976.04,30,182427,218912.4,350259.84,0
6,161.73,15,888854,1066624.8,1706599.6800000002,1
2,634.88,5,431056,517267.2,827627.52,0
6,722.53,43,124774,149728.8,239566.08,1
1,604.68,48,20167,24200.4,38720.64,0
6,976.48,82,772433,926919.6,1483071.3600000001,0
9,284.49,8,383698,460437.6,736700.16,0
2,834.34,13,639717,767660.4,1228256.6400000001,0
6,403.92,12,18136,21763.2,34821.12,0
6,646.09,87,392003,470403.6,752645.76,0
5,365.95,29,275274,330328.8,528526.08,0
4,129.77,66,341352,409622.4,655395.84,0
6,969.82,47,258612,310334.4,496535.04,0
7,916.46,27,727100,872520,1396032,0
10,225.91,90,360891,433069.2,692910.7200000001,1
7,413.8,70,733139,879766.7999999999,1407626.8799999999,0
7,648.7,77,985265,1182318,1891708.8,0
7,163.23,69,228946,274735.2,439576.3200000001,0
7,342.38,26,24781,29737.2,47579.52,0
6,938.34,31,140652,168782.4,270051.84,0
9,515.71,71,554681,665617.2,1064987.52,0
6,594.71,18,835330,1002396,1603833.6000000001,0
4,815.86,16,155345,186414,298262.4,0
7,740.05,21,641180,769416,1231065.6000000001,0
1,523.22,26,308335,370002,592003.2000000001,0
8,120.18,67,138973,166767.6,266828.16,0
6,714.38,83,74344,89212.8,142740.48,0
5,466.31,19,64696,77635.2,124216.32,0
10,648.32,8,77500,93000,148800,0
5,444.73,42,940937,1129124.3999999999,1806599.04,0
6,641.98,11,502726,603271.2,965233.9199999999,0
6,621.21,87,445730,534876,855801.6000000001,0
4,604.28,38,263417,316100.4,505760.64,0
9,854.21,26,726122,871346.4,1394154.2400000002,0
4,205.53,29,538437,646124.4,1033799.04,0
10,512.39,68,656830,788196,1261113.6000000001,0
5,523.45,54,364770,437724,700358.4,0
1,158.33,57,935228,1122273.5999999999,1795637.7599999998,0
6,523.58,2,866180,1039416,1663065.6000000001,0
4,390.85,82,922744,1107292.8,1771668.4800000002,0
5,200.13,87,252384,302860.8,484577.28,0
9,544.75,28,268729,322474.8,515959.68,0
4,582.33,26,735226,882271.2,1411633.9199999999,0
1,856.15,68,611265,733518,1173628.8,0
2,308.78,8,128412,154094.4,246551.04,0
9,690.0,66,472097,566516.4,906426.2400000001,0
9,490.55,88,752094,902512.7999999999,1444020.48,0
4,152.4,77,939589,1127506.8,1804010.8800000001,0
4,369.48,69,463080,555696,889113.6000000001,0
6,853.65,86,643937,772724.4,1236359.04,0
4,386.75,25,35621,42745.2,68392.32,0
7,115.08,53,530626,636751.2,1018801.9199999999,1
6,286.43,56,295884,355060.8,568097.28,0
6,579.83,7,870307,1044368.3999999999,1670989.4399999999,0
3,887.17,36,810769,972922.7999999999,1556676.48,1
4,708.38,35,798789,958546.7999999999,1533674.8799999999,0
9,964.1,31,422810,507372,811795.2000000001,0
2,587.6,1,686053,823263.6,1317221.76,0
1,960.3,14,745008,894009.6,1430415.3600000001,0
4,594.4,43,716476,859771.2,1375633.9199999999,1
6,253.12,47,388217,465860.4,745376.64,0
6,911.02,85,590349,708418.7999999999,1133470.0799999998,0
2,817.47,2,617992,741590.4,1186544.6400000001,0
2,329.9,78,566974,680368.7999999999,1088590.0799999998,0
6,735.07,41,678600,814320,1302912,0
5,118.32,87,14634,17560.8,28097.28,0
9,229.96,61,176626,211951.2,339121.92,0
3,467.86,99,183494,220192.8,352308.48,0
4,817.23,87,141578,169893.6,271829.76,0
4,544.47,52,206951,248341.2,397345.92,0
6,479.94,24,311649,373978.8,598366.08,0
7,781.61,31,122819,147382.8,235812.48,0
4,503.64,71,986973,1184367.5999999999,1894988.1599999999,0
2,781.85,9,960400,1152480,1843968,0
1,354.89,100,129003,154803.6,247685.76,0
10,665.2,33,78452,94142.4,150627.84,0
4,676.95,53,354951,425941.2,681505.92,0
4,519.33,34,883702,1060442.3999999999,1696707.8399999999,0
4,167.03,46,937220,1124664,1799462.4000000001,1
4,395.03,81,666845,800214,1280342.4000000001,0
4,180.43,82,429666,515599.2,824958.72,0
5,198.29,73,354588,425505.6,680808.96,1
6,583.7,55,35371,42445.2,67912.32,0
6,527.78,98,740444,888532.7999999999,1421652.48,0
5,967.65,47,133674,160408.8,256654.08,0
1,970.27,67,543481,652177.2,1043483.52,0
4,327.42,100,265963,319155.6,510648.96,0
2,764.72,87,83271,99925.2,159880.32,0
2,412.29,68,499177,599012.4,958419.8400000001,0
5,852.12,74,977079,1172494.8,1875991.6800000002,0
4,681.26,41,512938,615525.6,984840.96,0
9,465.14,21,639399,767278.7999999999,1227646.0799999998,0
2,626.66,46,381913,458295.6,733272.96,0
6,266.44,23,429010,514812,823699.2000000001,0
7,258.84,34,102141,122569.2,196110.72,1
7,443.16,83,346356,415627.2,665003.52,0
5,803.9,19,710738,852885.6,1364616.96,0
1,143.52,43,885813,1062975.5999999999,1700760.96,0
3,894.92,31,608342,730010.4,1168016.6400000001,0
10,799.27,52,759482,911378.4,1458205.4400000002,1
4,810.99,80,604601,725521.2,1160833.9199999999,0
4,477.6,45,349421,419305.2,670888.3200000001,0
5,568.95,98,342023,410427.6,656684.16,0
5,874.06,86,681239,817486.7999999999,1307978.8799999999,0
5,318.1,13,428482,514178.4,822685.4399999999,0
5,265.82,9,108403,130083.6,208133.76,0
9,803.09,59,580498,696597.6,1114556.1599999999,0
6,457.19,89,317131,380557.2,608891.52,0
6,623.03,88,655823,786987.6,1259180.1600000001,0
4,772.62,69,978030,1173636,1877817.6000000001,0
5,203.05,85,184160,220992,353587.2,0
4,402.25,38,29848,35817.6,57308.16,0
4,703.76,88,819920,983904,1574246.4000000001,0
9,216.31,86,650207,780248.4,1248397.4400000002,0
5,544.47,46,825897,991076.3999999999,1585722.24,0
6,990.63,34,66111,79333.2,126933.12,0
4,191.56,1,110870,133044,212870.4,1
2,443.68,73,88896,106675.2,170680.32,1
10,241.44,73,916927,1100312.3999999999,1760499.8399999999,0
9,253.7,81,621782,746138.4,1193821.4400000002,0
4,304.59,5,493462,592154.4,947447.04,0
5,519.31,77,499342,599210.4,958736.6400000001,0
2,471.33,85,95028,114033.6,182453.76,0
10,295.99,40,835222,1002266.3999999999,1603626.24,1
4,542.35,17,362862,435434.4,696695.04,0
7,952.87,70,509156,610987.2,977579.52,0
4,138.72,32,84582,101498.4,162397.44,0
6,529.98,17,302312,362774.4,580439.0399999999,0
8,443.6,92,140133,168159.6,269055.36,0
7,673.21,87,744312,893174.4,1429079.04,0
2,835.18,59,243324,291988.8,467182.08,0
4,670.69,54,871609,1045930.7999999999,1673489.28,0
5,225.95,45,614443,737331.6,1179730.5600000001,0
5,864.55,66,667211,800653.2,1281045.1200000001,0
1,220.23,46,622177,746612.4,1194579.8400000001,0
5,233.1,4,382717,459260.4,734816.64,0
5,772.3,42,783951,940741.2,1505185.9199999999,0
7,972.27,75,623701,748441.2,1197505.9199999999,0
4,293.76,93,703656,844387.2,1351019.52,0
6,308.59,25,769911,923893.2,1478229.1200000001,1
9,465.53,13,267580,321096,513753.6,0
9,379.52,2,123758,148509.6,237615.36,1
6,591.52,83,147862,177434.4,283895.04,0
1,340.74,63,871232,1045478.3999999999,1672765.4399999999,0
6,945.26,23,462723,555267.6,888428.16,0
8,162.82,8,282504,339004.8,542407.6800000001,0
6,736.02,74,124028,148833.6,238133.76,0
4,781.65,19,441792,530150.4,848240.6400000001,0
9,651.63,93,723090,867708,1388332.8,0
7,447.45,8,301291,361549.2,578478.7200000001,0
4,724.74,23,251622,301946.4,483114.24,0
9,181.05,49,104696,125635.2,201016.32,0
6,148.88,40,567313,680775.6,1089240.96,0
6,146.93,41,204512,245414.4,392663.04,0
8,355.15,75,654525,785430,1256688,0
6,776.31,57,294336,353203.2,565125.12,0
4,892.63,23,944194,1133032.8,1812852.4800000002,0
6,842.8,68,290138,348165.6,557064.96,0
4,306.18,14,442561,531073.2,849717.12,0
5,862.95,26,343354,412024.8,659239.6800000001,0
7,550.99,3,975164,1170196.8,1872314.8800000001,0
9,291.72,96,576390,691668,1106668.8,0
7,934.63,94,153062,183674.4,293879.04,1
5,966.61,85,580907,697088.4,1115341.4400000002,1
2,640.55,11,168785,202542,324067.2,0
10,641.61,13,423176,507811.2,812497.9199999999,0
6,302.65,30,551315,661578,1058524.8,0
4,531.53,61,137592,165110.4,264176.64,0
7,295.01,28,896111,1075333.2,1720533.1200000001,0
4,454.98,44,612190,734628,1175404.8,0
6,380.21,61,735530,882636,1412217.6000000001,0
1,539.11,94,284370,341244,545990.4,1
8,126.42,49,349526,419431.2,671089.92,0
1,483.3,92,466543,559851.6,895762.5600000001,0
4,153.16,71,571610,685932,1097491.2,0
5,504.0,27,501098,601317.6,962108.16,0
4,561.7,80,130205,156246,249993.6,0
5,744.9,46,510542,612650.4,980240.6400000001,0
5,633.37,97,639082,766898.4,1227037.4400000002,0
9,616.29,93,215760,258912,414259.2,0
6,594.45,28,743540,892248,1427596.8,0
4,903.77,51,622806,747367.2,1195787.52,0
5,163.06,97,840792,1008950.3999999999,1614320.6399999999,0
7,455.63,59,395229,474274.8,758839.6800000001,0
7,120.76,82,511365,613638,981820.8,0
6,483.43,47,792796,951355.2,1522168.3200000001,0
1,497.51,43,332031,398437.2,637499.52,0
1,768.3,83,712510,855012,1368019.2000000002,0
2,430.37,43,860968,1033161.6,1653058.5600000001,0
6,709.94,94,678956,814747.2,1303595.52,0
2,710.29,73,20355,24426,39081.6,0
6,687.92,68,714079,856894.7999999999,1371031.6799999999,0
4,790.9,80,528761,634513.2,1015221.12,0
2,516.71,89,547237,656684.4,1050695.04,1
4,350.99,92,622161,746593.2,1194549.1199999999,1
6,447.48,54,33805,40566,64905.6,0
2,272.69,89,575531,690637.2,1105019.52,0
7,692.12,54,416439,499726.8,799562.88,0
6,596.59,18,669973,803967.6,1286348.1600000001,0
4,606.18,50,923461,1108153.2,1773045.1200000001,0
6,711.08,43,262896,315475.2,504760.3200000001,1
5,359.46,50,700576,840691.2,1345105.9199999999,0
7,591.37,64,613927,736712.4,1178739.8400000001,0
6,836.74,99,652896,783475.2,1253560.3200000001,0
8,177.61,82,642924,771508.7999999999,1234414.0799999998,1
10,814.45,13,541846,650215.2,1040344.3199999999,0
4,879.41,49,632913,759495.6,1215192.96,0
9,247.39,19,321880,386256,618009.6,0
4,900.73,58,267278,320733.6,513173.76,0
10,976.92,93,699248,839097.6,1342556.1600000001,0
9,326.92,54,458369,550042.7999999999,880068.48,0
10,287.87,31,559867,671840.4,1074944.6400000001,0
3,589.07,53,420060,504072,806515.2000000001,0
9,132.97,61,157960,189552,303283.2,0
4,391.92,86,844034,1012840.7999999999,1620545.28,0
4,792.53,99,608394,730072.7999999999,1168116.48,0
1,610.16,46,623334,748000.7999999999,1196801.28,0
6,443.36,3,868411,1042093.2,1667349.1200000001,1
7,377.39,4,307222,368666.4,589866.24,0
9,787.43,35,542123,650547.6,1040876.16,0
4,191.47,21,218214,261856.8,418970.88,0
6,444.18,15,128510,154212,246739.2,0
6,612.77,48,380314,456376.8,730202.88,0
9,339.06,75,747065,896478,1434364.8,1
1,983.33,88,566864,680236.7999999999,1088378.8799999999,0
6,717.46,23,987188,1184625.5999999999,1895400.96,0
9,892.75,65,135426,162511.2,260017.92,0
2,434.9,60,718428,862113.6,1379381.76,0
2,527.18,92,741145,889374,1422998.4000000001,0
2,270.73,72,478877,574652.4,919443.8400000001,0
4,395.69,40,510152,612182.4,979491.8400000001,0
6,987.05,54,819445,983334,1573334.4000000001,0
2,320.44,62,673212,807854.4,1292567.04,0
5,615.52,59,113964,136756.8,218810.88,0
9,406.39,25,964562,1157474.3999999999,1851959.04,0
5,214.37,16,964761,1157713.2,1852341.1200000001,0
9,990.37,76,249417,299300.4,478880.64,0
2,311.2,24,649288,779145.6,1246632.96,0
9,156.29,57,993509,1192210.8,1907537.2800000003,0
4,587.04,76,393845,472614,756182.4,0
7,722.94,35,412448,494937.6,791900.16,0
4,636.28,12,616351,739621.2,1183393.9199999999,0
6,522.59,69,845050,1014060,1622496,0
7,237.67,3,446851,536221.2,857953.9199999999,0
4,621.37,72,851732,1022078.3999999999,1635325.4399999999,0
5,540.71,12,591190,709428,1135084.8,0
2,193.08,35,251657,301988.4,483181.4399999999,0
6,730.41,93,872118,1046541.6,1674466.5600000001,0
4,864.9,18,958331,1149997.2,1839995.52,0
7,215.61,8,78809,94570.8,151313.28,0
5,797.48,40,500358,600429.6,960687.36,0
7,931.2,10,340682,408818.4,654109.4399999999,0
10,168.71,38,454278,545133.6,872213.76,0
4,319.4,16,183617,220340.4,352544.64,0
9,462.09,80,950467,1140560.3999999999,1824896.6399999999,0
1,645.58,37,768625,922350,1475760,0
1,594.55,89,303520,364224,582758.4,0
9,327.9,92,441982,530378.4,848605.4400000001,0
1,456.85,58,831328,997593.6,1596149.76,0
4,172.07,7,792504,951004.7999999999,1521607.6799999999,0
9,465.24,70,224897,269876.4,431802.24,0
9,722.58,26,910300,1092360,1747776,0
5,599.31,8,996222,1195466.3999999999,1912746.24,0
7,902.24,31,66556,79867.2,127787.52,0
5,586.48,40,469990,563988,902380.8,0
6,675.28,85,227932,273518.4,437629.4399999999,0
6,440.7,51,829836,995803.2,1593285.1200000001,0
4,802.52,50,933400,1120080,1792128,0
5,407.51,33,830437,996524.3999999999,1594439.04,0
1,261.22,27,809011,970813.2,1553301.1200000001,0
8,132.25,82,106065,127278,203644.8,0
9,623.57,14,803533,964239.6,1542783.3600000001,1
6,431.07,10,305423,366507.6,586412.16,1
4,809.31,43,627973,753567.6,1205708.1599999999,0
7,153.9,16,225122,270146.4,432234.24,0
4,175.58,59,278596,334315.2,534904.3200000001,0
10,214.34,82,142844,171412.8,274260.48,0
7,485.77,3,512640,615168,984268.8,1
5,342.05,73,506857,608228.4,973165.4400000001,1
5,292.13,72,786509,943810.7999999999,1510097.28,0
4,622.68,9,379264,455116.8,728186.88,0
10,555.81,1,882110,1058532,1693651.2000000002,0
2,818.08,94,993883,1192659.5999999999,1908255.3599999999,0
10,103.04,94,135781,162937.2,260699.52,0
6,613.79,47,295246,354295.2,566872.3200000001,0
7,463.52,38,35679,42814.8,68503.68,1
4,925.49,4,72230,86676,138681.6,0
6,961.23,59,243118,291741.6,466786.56,0
4,460.55,30,669475,803370,1285392,0
7,417.71,21,994830,1193796,1910073.6000000001,0
10,588.42,4,679911,815893.2,1305429.1200000001,1
10,373.73,53,299713,359655.6,575448.96,0
2,553.36,97,527944,633532.7999999999,1013652.48,0
9,498.89,53,606993,728391.6,1165426.5600000001,0
1,709.49,92,729578,875493.6,1400789.76,0
9,455.6,79,256441,307729.2,492366.72,0
4,402.86,27,225084,270100.8,432161.28,0
6,527.11,14,651142,781370.4,1250192.6400000001,0
1,324.88,19,437783,525339.6,840543.36,0
2,628.34,36,748058,897669.6,1436271.3600000001,0
7,338.61,66,611627,733952.4,1174323.8400000001,0
4,572.32,26,161407,193688.4,309901.44,0
7,768.56,43,758821,910585.2,1456936.3200000001,0
6,226.31,50,298165,357798,572476.8,0
9,898.27,2,919783,1103739.5999999999,1765983.3599999999,0
10,512.86,83,654167,785000.4,1256000.6400000001,0
6,528.17,17,392952,471542.4,754467.84,0
5,690.29,7,795603,954723.6,1527557.76,0
4,550.76,71,238818,286581.6,458530.56,1
6,768.13,73,472967,567560.4,908096.6400000001,0
1,690.91,40,753523,904227.6,1446764.1600000001,0
3,628.81,70,890165,1068198,1709116.8,0
5,613.64,41,860673,1032807.6,1652492.1600000001,0
4,243.35,96,603996,724795.2,1159672.3200000001,0
7,823.83,5,873691,1048429.2,1677486.72,0
8,289.92,82,240421,288505.2,461608.3200000001,0
4,812.6,67,595787,714944.4,1143911.04,0
5,278.41,68,555030,666036,1065657.6000000001,0
6,577.87,35,518145,621774,994838.4,0
7,348.09,96,124007,148808.4,238093.44,0
6,293.23,44,157128,188553.6,301685.76,0
4,241.03,55,613518,736221.6,1177954.5600000001,0
5,882.0,76,455236,546283.2,874053.12,0
10,972.3,68,909794,1091752.8,1746804.4800000002,0
6,908.16,7,858725,1030470,1648752,0
9,132.18,81,212280,254736,407577.6,0
5,646.62,3,435919,523102.8,836964.48,1
7,638.27,94,837734,1005280.7999999999,1608449.28,1
9,414.53,55,416861,500233.2,800373.12,0
5,292.59,13,560147,672176.4,1075482.24,0
7,480.4,55,303159,363790.8,582065.28,0
2,639.03,84,900873,1081047.5999999999,1729676.1599999999,0
4,822.96,78,832890,999468,1599148.8,0
2,686.94,59,537450,644940,1031904,1
7,356.78,32,247026,296431.2,474289.92,0
5,731.47,83,255230,306276,490041.6,1
9,253.25,19,624709,749650.7999999999,1199441.28,0
5,635.34,57,79554,95464.8,152743.68,0
10,496.83,53,530346,636415.2,1018264.3199999999,0
2,114.45,81,857137,1028564.3999999999,1645703.04,1
8,184.02,23,715941,859129.2,1374606.72,0
5,714.45,82,500716,600859.2,961374.72,0
10,380.15,3,37541,45049.2,72078.72,0
10,188.76,12,746898,896277.6,1434044.1600000001,0
2,826.5,56,737702,885242.4,1416387.8400000001,0
4,451.66,32,952950,1143540,1829664,0
8,748.59,77,964784,1157740.8,1852385.2800000003,0
9,239.58,79,17304,20764.8,33223.68,0
7,963.71,50,343012,411614.4,658583.04,0
2,330.16,33,218425,262110,419376,0
6,616.48,100,820706,984847.2,1575755.52,0
10,535.03,80,841610,1009932,1615891.2000000002,0
1,217.88,18,330354,396424.8,634279.6800000001,0
1,406.87,39,11919,14302.8,22884.48,0
9,513.66,67,370813,444975.6,711960.96,0
6,616.43,33,786742,944090.3999999999,1510544.6399999999,0
4,733.82,76,660749,792898.7999999999,1268638.0800000001,0
3,202.22,65,612394,734872.7999999999,1175796.48,0
4,640.56,87,431080,517296,827673.6000000001,0
6,270.19,77,183365,220038,352060.8,0
7,208.14,14,560463,672555.6,1076088.96,0
1,445.86,46,253098,303717.6,485948.16,1
4,117.32,12,264071,316885.2,507016.3200000001,0
2,589.58,60,258857,310628.4,497005.4399999999,0
7,981.94,88,626864,752236.7999999999,1203578.8799999999,0
4,518.92,25,21608,25929.6,41487.36,0
4,393.92,58,196323,235587.6,376940.16,0
5,201.98,39,583966,700759.2,1121214.72,0
6,224.23,53,491463,589755.6,943608.96,0
6,702.48,71,285136,342163.2,547461.12,0
5,153.6,62,909752,1091702.3999999999,1746723.8399999999,0
10,222.55,29,124848,149817.6,239708.16,0
5,256.58,14,286611,343933.2,550293.12,0
1,267.27,76,808205,969846,1551753.6000000001,0
10,319.26,4,259024,310828.8,497326.08,0
4,687.05,46,589801,707761.2,1132417.9199999999,0
4,983.18,89,536268,643521.6,1029634.5600000001,0
6,105.78,1,837120,1004544,1607270.4000000001,0
10,921.7,23,793548,952257.6,1523612.1600000001,0
2,903.95,11,570710,684852,1095763.2,0
2,838.59,80,190000,228000,364800,0
5,316.82,37,875872,1051046.3999999999,1681674.24,0
5,181.62,23,700007,840008.4,1344013.4400000002,0
4,634.41,12,411828,494193.6,790709.76,1
7,135.99,85,487948,585537.6,936860.16,0
9,396.75,72,52948,63537.6,101660.16,0
5,348.08,90,290850,349020,558432,0
2,382.57,17,122382,146858.4,234973.44,0
4,401.8,6,609172,731006.4,1169610.24,0
2,810.9,12,351816,422179.2,675486.7200000001,0
2,381.41,8,830743,996891.6,1595026.5600000001,0
10,606.1,37,974192,1169030.3999999999,1870448.6399999999,0
4,383.2,63,702092,842510.4,1348016.6400000001,0
5,963.01,27,24531,29437.2,47099.52,0
9,630.45,46,102349,122818.8,196510.08,0
8,929.42,79,594364,713236.7999999999,1141178.8799999999,0
9,702.2,92,462715,555258,888412.8,0
9,531.88,98,497782,597338.4,955741.4400000001,1
4,563.26,87,291198,349437.6,559100.16,0
6,281.78,3,897142,1076570.3999999999,1722512.6399999999,0
7,664.21,89,366204,439444.8,703111.6800000001,0
4,592.79,15,704481,845377.2,1352603.52,0
2,417.23,40,113325,135990,217584,0
4,876.03,19,563195,675834,1081334.4000000001,0
6,704.18,86,903044,1083652.8,1733844.4800000002,0
5,393.17,81,724915,869898,1391836.8,0
9,552.28,51,593510,712212,1139539.2,0
4,245.45,66,968497,1162196.3999999999,1859514.24,1
2,666.76,34,673942,808730.4,1293968.6400000001,0
10,186.37,94,846108,1015329.6,1624527.3600000001,0
9,953.65,81,486812,584174.4,934679.04,0
10,685.31,33,713044,855652.7999999999,1369044.48,0
10,125.55,88,504633,605559.6,968895.36,0
6,921.5,29,995396,1194475.2,1911160.3200000001,0
2,272.53,66,896104,1075324.8,1720519.6800000002,0
3,767.46,75,27956,33547.2,53675.52,0
9,732.16,29,473583,568299.6,909279.36,0
1,774.11,76,399265,479118,766588.8,0
7,746.27,31,941726,1130071.2,1808113.9199999999,0
5,185.33,89,941657,1129988.3999999999,1807981.4399999999,0
1,406.22,92,337688,405225.6,648360.96,0
10,173.04,51,461596,553915.2,886264.3199999999,0
10,220.51,26,384402,461282.4,738051.84,0
9,126.03,6,946411,1135693.2,1817109.1200000001,0
6,469.49,58,229202,275042.4,440067.84,0
5,627.58,37,286613,343935.6,550296.96,0
6,986.03,92,697484,836980.7999999999,1339169.28,0
10,803.82,87,246560,295872,473395.2,0
5,562.07,44,808840,970608,1552972.8,1
5,134.28,58,212910,255492,408787.2,0
2,811.27,51,487579,585094.7999999999,936151.6799999999,0
2,924.81,62,882592,1059110.3999999999,1694576.6399999999,0
4,684.4,14,175947,211136.4,337818.24,0
5,338.37,29,68935,82722,132355.2,1
6,850.08,21,973726,1168471.2,1869553.9199999999,0
1,444.58,18,602233,722679.6,1156287.3600000001,0
9,350.55,45,874406,1049287.2,1678859.52,0
10,716.96,59,340906,409087.2,654539.52,0
4,643.68,24,832023,998427.6,1597484.1600000001,0
1,863.16,58,68780,82536,132057.6,0
6,941.32,42,196416,235699.2,377118.72,0
4,881.99,2,730126,876151.2,1401841.9199999999,0
5,882.84,54,620891,745069.2,1192110.72,0
2,193.67,42,628579,754294.7999999999,1206871.6799999999,0
4,415.55,72,435211,522253.2,835605.12,0
4,205.49,36,828442,994130.3999999999,1590608.6399999999,1
10,606.56,6,246965,296358,474172.8,0
10,118.91,32,439143,526971.6,843154.5600000001,0
10,987.31,24,313263,375915.6,601464.96,0
9,275.88,1,704017,844820.4,1351712.6400000001,0
4,121.05,54,580327,696392.4,1114227.8400000001,0
6,300.41,91,882897,1059476.3999999999,1695162.24,0
5,527.01,52,937827,1125392.3999999999,1800627.8399999999,0
3,977.86,42,100894,121072.8,193716.48,0
5,370.1,79,247268,296721.6,474754.56,1
9,327.13,56,906859,1088230.8,1741169.2800000003,0
4,758.04,45,741969,890362.7999999999,1424580.48,0
5,836.01,78,671298,805557.6,1288892.1600000001,0
5,281.0,65,188708,226449.6,362319.36,0
10,833.06,52,912720,1095264,1752422.4000000001,0
7,941.48,71,324830,389796,623673.6,0
10,228.37,100,761291,913549.2,1461678.72,0
4,773.55,78,227400,272880,436608,0
4,350.23,54,473101,567721.2,908353.9199999999,0
5,982.04,38,424163,508995.6,814392.96,0
6,600.36,11,65724,78868.8,126190.08,0
5,987.79,37,287455,344946,551913.6,1
5,702.89,98,369725,443670,709872,0
1,772.19,3,401246,481495.2,770392.3199999999,0
7,884.95,44,869537,1043444.3999999999,1669511.04,0
2,873.66,68,302559,363070.8,580913.28,0
7,676.94,20,253689,304426.8,487082.88,0
9,138.81,59,625364,750436.7999999999,1200698.8799999999,1
2,324.55,69,318764,382516.8,612026.88,0
6,593.45,15,620340,744408,1191052.8,0
4,476.28,61,288795,346554,554486.4,0
1,810.08,60,172174,206608.8,330574.08,0
6,107.45,15,50851,61021.2,97633.92,1
4,796.77,82,760602,912722.4,1460355.8400000001,0
5,112.27,33,30215,36258,58012.8,0
5,473.11,62,36826,44191.2,70705.92,0
4,106.22,54,238180,285816,457305.6,0
8,916.37,79,801275,961530,1538448,0
5,300.94,36,596824,716188.7999999999,1145902.0799999998,1
9,859.53,19,10297,12356.4,19770.24,1
5,418.78,68,523524,628228.7999999999,1005166.08,0
10,139.5,95,184230,221076,353721.6,0
4,398.91,52,484660,581592,930547.2000000001,0
4,578.91,9,411269,493522.8,789636.48,0
4,679.56,97,197900,237480,379968,0
6,706.74,50,588438,706125.6,1129800.96,0
9,200.5,28,273360,328032,524851.2000000001,0
6,238.82,70,868877,1042652.3999999999,1668243.8399999999,0
4,985.9,74,437524,525028.7999999999,840046.08,0
9,924.73,82,480050,576060,921696,0
6,452.24,76,372847,447416.4,715866.24,0
6,212.98,76,598134,717760.7999999999,1148417.28,0
5,873.32,60,986339,1183606.8,1893770.8800000001,0
10,187.61,79,762204,914644.7999999999,1463431.6799999999,0
6,399.77,50,187981,225577.2,360923.52,0
6,555.42,71,911717,1094060.3999999999,1750496.6399999999,0
5,916.67,31,685654,822784.7999999999,1316455.6799999999,0
4,758.4,73,800326,960391.2,1536625.9199999999,1
6,470.02,29,471430,565716,905145.6000000001,0
1,466.43,91,717246,860695.2,1377112.3200000001,0
5,289.41,49,43139,51766.8,82826.88,0
10,115.35,41,916125,1099350,1758960,0
8,499.7,73,974888,1169865.5999999999,1871784.96,0
1,878.87,76,999483,1199379.5999999999,1919007.3599999999,0
7,845.71,65,789250,947100,1515360,0
5,651.46,19,274673,329607.6,527372.16,0
1,679.28,92,10931,13117.2,20987.52,0
6,565.49,63,402759,483310.8,773297.28,0
6,301.03,50,478632,574358.4,918973.4400000001,1
5,283.06,71,21173,25407.6,40652.16,0
4,452.79,15,294612,353534.4,565655.0399999999,0
1,434.92,60,273192,327830.4,524528.64,0
6,949.41,81,255690,306828,490924.8,1
4,839.47,8,183829,220594.8,352951.68,0
6,291.2,14,361292,433550.4,693680.64,0
7,736.3,65,75951,91141.2,145825.92,0
4,801.72,61,326920,392304,627686.4,0
6,894.11,99,262165,314598,503356.8,0
6,902.93,39,378632,454358.4,726973.4399999999,0
2,876.21,45,610697,732836.4,1172538.24,0
6,752.26,54,301605,361926,579081.6,0
2,206.12,56,846561,1015873.2,1625397.1200000001,0
9,416.54,51,683552,820262.4,1312419.8400000001,0
5,112.38,50,702827,843392.4,1349427.8400000001,0
2,912.37,71,625560,750672,1201075.2,0
4,819.22,7,166067,199280.4,318848.64,0
2,233.97,17,575713,690855.6,1105368.96,0
4,397.5,34,436139,523366.8,837386.88,0
4,208.4,64,671474,805768.7999999999,1289230.0800000001,0
4,235.11,10,27207,32648.4,52237.44,0
2,327.71,27,256671,308005.2,492808.3200000001,0
6,497.96,29,23912,28694.4,45911.04,1
9,457.12,53,665013,798015.6,1276824.96,0
8,381.06,59,582164,698596.7999999999,1117754.8799999999,0
5,796.2,86,712981,855577.2,1368923.52,0
4,157.25,11,115794,138952.8,222324.48,0
2,169.19,7,251277,301532.4,482451.84,0
5,339.42,78,974281,1169137.2,1870619.52,0
1,129.72,52,94924,113908.8,182254.08,0
6,207.63,13,134250,161100,257760,0
7,322.33,38,442682,531218.4,849949.4400000001,0
5,692.16,16,427558,513069.6,820911.36,0
9,752.02,85,126796,152155.2,243448.32,1
5,367.84,5,479889,575866.7999999999,921386.8799999999,0
6,787.56,79,717234,860680.7999999999,1377089.28,0
2,440.79,31,779869,935842.7999999999,1497348.48,0
5,616.68,96,93904,112684.8,180295.68,0
9,162.85,44,101473,121767.6,194828.16,0
2,945.35,33,252498,302997.6,484796.16,0
6,827.04,80,757492,908990.4,1454384.6400000001,0
5,657.29,26,597648,717177.6,1147484.1599999999,0
1,599.72,90,378058,453669.6,725871.36,0
9,405.17,36,635166,762199.2,1219518.72,0
10,844.35,4,680073,816087.6,1305740.1600000001,0
1,492.47,79,219210,263052,420883.2,0
10,239.7,70,780441,936529.2,1498446.72,0
1,460.87,55,759372,911246.4,1457994.2400000002,0
1,913.67,51,922598,1107117.5999999999,1771388.1599999999,0
10,117.54,48,909161,1090993.2,1745589.1200000001,0
7,191.81,61,475883,571059.6,913695.36,0
5,251.8,78,675168,810201.6,1296322.5600000001,0
7,869.94,39,591033,709239.6,1134783.3600000001,0
5,779.75,46,636004,763204.7999999999,1221127.6799999999,0
6,825.75,40,478602,574322.4,918915.8400000001,0
5,400.0,95,286148,343377.6,549404.16,0
8,339.3,13,129418,155301.6,248482.56,0
4,100.6,19,717098,860517.6,1376828.1600000001,0
9,104.5,57,54373,65247.6,104396.16,0
1,420.38,51,772061,926473.2,1482357.1200000001,0
5,856.92,22,943943,1132731.5999999999,1812370.5599999998,0
9,332.64,70,409447,491336.4,786138.24,0
4,606.71,5,27148,32577.6,52124.16,0
1,887.24,88,345265,414318,662908.8,0
4,639.01,31,983931,1180717.2,1889147.52,0
2,418.68,28,348352,418022.4,668835.84,0
6,918.68,65,118092,141710.4,226736.64,0
7,887.53,10,573271,687925.2,1100680.3200000001,0
7,924.03,9,130152,156182.4,249891.84,0
4,546.92,30,989810,1187772,1900435.2000000002,0
5,122.7,47,763357,916028.4,1465645.4400000002,0
2,955.23,68,547707,657248.4,1051597.4400000002,0
5,771.89,72,651025,781230,1249968,0
6,769.23,67,951215,1141458,1826332.8,0
1,630.53,86,351367,421640.4,674624.64,0
7,532.98,92,845933,1015119.6,1624191.3600000001,0
6,224.01,64,486847,584216.4,934746.2400000001,0
6,354.48,14,575174,690208.7999999999,1104334.0799999998,0
4,116.27,77,923323,1107987.5999999999,1772780.1599999999,0
10,802.03,82,419282,503138.4,805021.4399999999,0
5,633.49,58,549083,658899.6,1054239.3600000001,0
10,167.85,20,466490,559788,895660.8,0
1,789.83,37,735063,882075.6,1411320.96,0
9,759.56,72,562193,674631.6,1079410.5600000001,0
2,484.1,39,971363,1165635.5999999999,1865016.96,0
6,927.96,78,338110,405732,649171.2000000001,0
5,316.42,99,213651,256381.2,410209.92,0
6,635.77,24,998260,1197912,1916659.2000000002,0
9,837.64,50,440519,528622.7999999999,845796.48,0
8,489.16,4,88030,105636,169017.6,0
9,169.76,56,727293,872751.6,1396402.5600000001,0
6,169.32,95,421081,505297.2,808475.52,1
6,240.02,14,146554,175864.8,281383.68,0
2,210.87,61,170359,204430.8,327089.28,0
7,585.44,81,697713,837255.6,1339608.96,0
5,868.75,78,536192,643430.4,1029488.6400000001,0
9,921.07,24,761807,914168.4,1462669.4400000002,1
7,745.66,97,892683,1071219.5999999999,1713951.3599999999,0
4,275.16,38,503029,603634.7999999999,965815.6799999999,0
6,580.62,68,496324,595588.7999999999,952942.08,0
9,708.15,92,400243,480291.6,768466.5600000001,0
2,654.24,3,94629,113554.8,181687.68,0
10,797.97,83,529436,635323.2,1016517.12,0
5,691.46,9,600165,720198,1152316.8,0
4,610.88,68,638075,765690,1225104,1
10,143.37,99,14742,17690.4,28304.64,0
2,944.26,97,574746,689695.2,1103512.3200000001,0
7,350.96,57,991958,1190349.5999999999,1904559.3599999999,0
4,365.37,55,699127,838952.4,1342323.8400000001,0
4,359.56,99,580045,696054,1113686.4000000001,0
1,152.89,14,891358,1069629.5999999999,1711407.3599999999,0
3,237.83,28,805437,966524.3999999999,1546439.04,0
5,635.58,71,165007,198008.4,316813.44,0
5,487.29,45,752136,902563.2,1444101.1200000001,0
2,754.64,24,109034,130840.8,209345.28,0
4,670.74,4,855015,1026018,1641628.8,0
6,183.27,29,159303,191163.6,305861.76,0
4,448.32,76,812825,975390,1560624,0
